FAVC,FCVC,NCP,CAEC,CH2O,NObeyesdad
no,2,3,Sometimes,2,Normal_Weight
no,3,3,Sometimes,3,Normal_Weight
no,2,3,Sometimes,2,Normal_Weight
no,3,3,Sometimes,2,Overweight_Level_I
no,2,1,Sometimes,2,Overweight_Level_II
yes,2,3,Sometimes,2,Normal_Weight
yes,3,3,Sometimes,2,Normal_Weight
no,2,3,Sometimes,2,Normal_Weight
yes,3,3,Sometimes,2,Normal_Weight
yes,2,3,Sometimes,2,Normal_Weight
yes,3,3,Frequently,3,Obesity_Type_I
yes,2,3,Frequently,2,Overweight_Level_II
no,3,3,Sometimes,3,Normal_Weight
yes,2,3,Sometimes,2,Obesity_Type_I
yes,3,1,Sometimes,1,Normal_Weight
no,3,3,Always,2,Normal_Weight
yes,2,1,Sometimes,1,Overweight_Level_II
yes,2,1,Sometimes,2,Obesity_Type_I
yes,3,4,Frequently,1,Overweight_Level_II
no,2,1,Sometimes,2,Overweight_Level_I
no,2,3,Sometimes,2,Overweight_Level_II
yes,3,1,Sometimes,2,Obesity_Type_I
yes,3,3,Sometimes,2,Normal_Weight
yes,1,1,Sometimes,2,Obesity_Type_I
yes,2,3,Sometimes,2,Normal_Weight
no,2,4,Frequently,2,Normal_Weight
yes,2,1,Frequently,2,Normal_Weight
yes,2,4,Frequently,2,Normal_Weight
yes,3,3,Sometimes,2,Normal_Weight
yes,2,3,Sometimes,2,Normal_Weight
yes,1,4,Frequently,3,Overweight_Level_I
no,2,1,Sometimes,1,Overweight_Level_II
no,2,3,Sometimes,3,Normal_Weight
no,2,1,Sometimes,2,Overweight_Level_II
yes,2,4,Frequently,2,Normal_Weight
no,2,3,Sometimes,2,Overweight_Level_II
yes,2,3,Sometimes,1,Normal_Weight
yes,2,3,Sometimes,1,Normal_Weight
yes,2,3,Sometimes,2,Normal_Weight
yes,2,3,Sometimes,3,Overweight_Level_II
yes,2,3,Sometimes,2,Overweight_Level_I
no,2,4,Frequently,2,Normal_Weight
yes,1,3,Sometimes,1,Normal_Weight
yes,2,3,Sometimes,2,Normal_Weight
no,1,3,no,2,Normal_Weight
no,2,3,Sometimes,1,Overweight_Level_II
yes,1,3,Frequently,3,Normal_Weight
yes,1,3,Frequently,3,Normal_Weight
no,3,3,Sometimes,2,Normal_Weight
yes,2,3,Sometimes,2,Normal_Weight
yes,3,3,Sometimes,3,Normal_Weight
yes,2,3,Sometimes,1,Normal_Weight
yes,3,1,Sometimes,2,Normal_Weight
no,3,3,no,2,Normal_Weight
no,3,4,Always,3,Normal_Weight
no,2,4,Frequently,2,Normal_Weight
yes,2,3,Sometimes,1,Normal_Weight
no,2,3,Sometimes,1,Normal_Weight
yes,3,1,Sometimes,2,Normal_Weight
yes,2,4,Sometimes,3,Insufficient_Weight
yes,2,3,Sometimes,3,Normal_Weight
yes,2,3,Sometimes,2,Normal_Weight
yes,2,1,no,2,Normal_Weight
yes,2,3,Sometimes,2,Normal_Weight
yes,2,3,Frequently,1,Normal_Weight
yes,1,3,Frequently,2,Overweight_Level_I
yes,1,3,Always,2,Overweight_Level_II
yes,2,3,Always,2,Obesity_Type_I
yes,1,3,no,2,Obesity_Type_II
no,2,3,no,3,Normal_Weight
yes,2,3,Always,2,Overweight_Level_II
no,3,3,no,3,Insufficient_Weight
no,2,3,Sometimes,3,Normal_Weight
no,2,3,Sometimes,3,Normal_Weight
yes,2,3,Frequently,3,Overweight_Level_II
no,3,3,Sometimes,3,Insufficient_Weight
no,2,3,no,2,Insufficient_Weight
yes,2,3,Sometimes,3,Overweight_Level_II
yes,2,3,Sometimes,3,Obesity_Type_I
no,2,3,Sometimes,2,Normal_Weight
no,3,3,Sometimes,2,Normal_Weight
yes,2,3,Frequently,2,Overweight_Level_II
yes,2,3,Always,2,Obesity_Type_I
no,3,3,no,3,Insufficient_Weight
yes,2,3,Frequently,2,Overweight_Level_II
no,2,3,Sometimes,2,Normal_Weight
yes,2,1,Frequently,3,Normal_Weight
yes,2,3,Sometimes,2,Overweight_Level_I
yes,2,3,Frequently,2,Normal_Weight
yes,3,3,Sometimes,1,Overweight_Level_II
no,3,4,Always,1,Obesity_Type_II
no,3,3,Always,2,Normal_Weight
no,3,4,Frequently,3,Overweight_Level_I
no,3,3,Always,2,Normal_Weight
yes,3,3,Sometimes,2,Normal_Weight
no,3,1,Frequently,2,Normal_Weight
no,2,3,Sometimes,2,Normal_Weight
no,3,1,Frequently,1,Insufficient_Weight
no,3,1,Frequently,1,Insufficient_Weight
no,2,3,Sometimes,2,Normal_Weight
yes,3,1,Sometimes,1,Normal_Weight
no,2,3,Frequently,2,Normal_Weight
yes,2,4,Frequently,2,Normal_Weight
yes,3,4,Frequently,2,Normal_Weight
yes,2,3,Sometimes,2,Obesity_Type_I
yes,2,1,Sometimes,2,Normal_Weight
yes,2,1,Sometimes,2,Normal_Weight
yes,2,3,Always,1,Overweight_Level_I
no,2,3,Sometimes,3,Obesity_Type_I
yes,3,1,Sometimes,3,Obesity_Type_I
yes,3,3,Sometimes,2,Normal_Weight
yes,2,1,Sometimes,1,Normal_Weight
yes,2,4,Frequently,2,Normal_Weight
no,2,1,Sometimes,2,Normal_Weight
yes,3,1,Frequently,2,Normal_Weight
yes,3,3,Frequently,2,Normal_Weight
yes,3,3,Sometimes,1,Obesity_Type_I
no,2,3,Frequently,2,Overweight_Level_II
yes,2,3,Sometimes,2,Normal_Weight
no,3,3,Frequently,3,Overweight_Level_II
yes,2,3,Frequently,2,Overweight_Level_I
yes,1,3,Frequently,2,Overweight_Level_II
no,3,4,Frequently,1,Insufficient_Weight
yes,3,1,Sometimes,2,Normal_Weight
yes,3,3,Sometimes,1,Overweight_Level_II
yes,2,3,Always,2,Overweight_Level_I
yes,2,3,Sometimes,2,Normal_Weight
yes,3,1,Sometimes,3,Normal_Weight
yes,3,3,Frequently,1,Normal_Weight
yes,3,3,Sometimes,3,Overweight_Level_II
yes,2,4,Frequently,2,Normal_Weight
no,2,3,Sometimes,1,Normal_Weight
yes,3,3,Frequently,3,Normal_Weight
yes,3,3,Always,2,Normal_Weight
yes,3,3,Sometimes,1,Obesity_Type_I
yes,2,3,Sometimes,2,Overweight_Level_I
yes,2,3,Sometimes,2,Normal_Weight
no,2,3,Sometimes,3,Obesity_Type_I
no,3,3,Always,3,Normal_Weight
yes,2,3,Frequently,2,Normal_Weight
yes,3,3,Frequently,3,Insufficient_Weight
yes,3,3,Always,2,Normal_Weight
yes,2,3,Frequently,1,Obesity_Type_I
yes,3,1,Sometimes,1,Overweight_Level_I
no,2,4,Sometimes,3,Overweight_Level_I
yes,2,1,no,3,Overweight_Level_I
no,3,3,Frequently,2,Normal_Weight
no,3,3,Sometimes,1,Obesity_Type_I
yes,3,3,Always,2,Normal_Weight
yes,3,1,Sometimes,2,Obesity_Type_I
yes,2,1,Sometimes,2,Normal_Weight
yes,3,3,Sometimes,2,Normal_Weight
yes,2,1,Always,2,Overweight_Level_I
no,2,3,Sometimes,3,Overweight_Level_II
yes,2,3,Sometimes,2,Obesity_Type_I
yes,3,1,Frequently,2,Normal_Weight
no,3,3,Frequently,1,Normal_Weight
yes,2,3,Frequently,2,Normal_Weight
no,3,3,Sometimes,3,Overweight_Level_I
yes,2,1,Sometimes,2,Overweight_Level_II
no,3,3,Sometimes,1,Normal_Weight
yes,2,3,Sometimes,2,Overweight_Level_II
yes,3,3,Always,2,Normal_Weight
no,3,3,Frequently,2,Normal_Weight
no,3,3,Frequently,3,Overweight_Level_II
no,2,3,Sometimes,1,Obesity_Type_II
no,3,3,Always,2,Normal_Weight
no,2,3,Sometimes,2,Overweight_Level_II
yes,2,1,Sometimes,2,Overweight_Level_I
yes,2,3,Frequently,1,Overweight_Level_II
yes,2,1,Sometimes,2,Overweight_Level_II
yes,2,3,Frequently,2,Normal_Weight
no,3,1,Sometimes,2,Normal_Weight
no,3,3,Sometimes,2,Normal_Weight
yes,2,1,no,3,Overweight_Level_I
yes,2,3,Sometimes,2,Normal_Weight
yes,3,1,Always,1,Normal_Weight
yes,3,3,Frequently,2,Normal_Weight
yes,3,3,Frequently,2,Normal_Weight
yes,2,1,no,3,Overweight_Level_I
yes,2,3,Sometimes,2,Normal_Weight
yes,2,3,Frequently,1,Normal_Weight
yes,3,3,Frequently,2,Insufficient_Weight
yes,2,1,Sometimes,1,Overweight_Level_II
yes,2,1,no,3,Overweight_Level_I
no,3,3,Sometimes,2,Overweight_Level_I
no,2,3,Sometimes,3,Obesity_Type_I
no,2,3,Sometimes,3,Obesity_Type_I
yes,3,1,no,3,Obesity_Type_I
yes,2,3,Sometimes,2,Normal_Weight
yes,2,3,Sometimes,2,Normal_Weight
yes,3,1,Frequently,2,Overweight_Level_I
no,3,3,Sometimes,3,Overweight_Level_I
no,2,1,Frequently,3,Normal_Weight
yes,3,3,Frequently,3,Obesity_Type_I
yes,3,3,Sometimes,2,Overweight_Level_I
no,2,3,Sometimes,2,Normal_Weight
yes,2,3,Sometimes,2,Obesity_Type_II
yes,2,1,Frequently,1,Insufficient_Weight
yes,2,1,Sometimes,1,Normal_Weight
no,3,1,Sometimes,3,Obesity_Type_I
yes,2,3,Always,1,Obesity_Type_I
yes,3,3,Sometimes,1,Obesity_Type_III
no,2,3,Sometimes,3,Obesity_Type_I
yes,2,3,Sometimes,2,Normal_Weight
yes,2,1,Sometimes,2,Obesity_Type_I
yes,2,3,Frequently,2,Obesity_Type_I
no,2,3,no,2,Normal_Weight
yes,2,3,Sometimes,2,Normal_Weight
yes,2,3,Sometimes,2,Normal_Weight
yes,2,3,Frequently,2,Obesity_Type_II
yes,2,1,Sometimes,1,Normal_Weight
no,2,1,Sometimes,2,Overweight_Level_II
yes,3,3,Sometimes,2,Normal_Weight
yes,2,3,Sometimes,2,Normal_Weight
yes,3,3,Sometimes,3,Normal_Weight
no,3,3,Frequently,2,Normal_Weight
no,2,3,Frequently,3,Overweight_Level_I
no,1,1,Sometimes,2,Normal_Weight
yes,2,3,Sometimes,3,Overweight_Level_I
no,2,3,Frequently,2,Overweight_Level_I
yes,2,1,Sometimes,1,Overweight_Level_II
yes,3,4,Always,3,Normal_Weight
yes,3,3,Frequently,3,Normal_Weight
yes,2,1,Sometimes,2,Obesity_Type_I
no,3,3,Sometimes,3,Obesity_Type_II
yes,2,3,Sometimes,1,Normal_Weight
yes,3,3,Sometimes,2,Normal_Weight
no,3,3,Sometimes,3,Overweight_Level_II
no,3,3,Sometimes,3,Obesity_Type_II
yes,3,4,Sometimes,3,Overweight_Level_I
yes,3,1,Sometimes,3,Normal_Weight
no,3,3,Sometimes,3,Normal_Weight
no,3,1,Sometimes,2,Overweight_Level_II
yes,2,1,no,2,Normal_Weight
no,2,1,no,2,Normal_Weight
yes,1,3,Always,2,Normal_Weight
yes,3,3,Sometimes,1,Normal_Weight
yes,3,1,Sometimes,3,Normal_Weight
yes,3,3,no,3,Normal_Weight
yes,2,1,Sometimes,3,Normal_Weight
yes,3,3,Sometimes,2,Overweight_Level_I
yes,1,3,Always,2,Normal_Weight
yes,2,3,Sometimes,3,Overweight_Level_II
no,2,1,Sometimes,2,Normal_Weight
no,3,3,Sometimes,2,Insufficient_Weight
yes,3,3,Sometimes,3,Normal_Weight
yes,3,3,Frequently,1,Normal_Weight
yes,3,3,Always,3,Normal_Weight
yes,3,1,Sometimes,2,Overweight_Level_I
yes,3,1,Sometimes,2,Overweight_Level_II
no,2,1,Sometimes,3,Overweight_Level_II
no,2,3,Sometimes,2,Overweight_Level_II
yes,2,1,Sometimes,2,Normal_Weight
no,3,3,Sometimes,2,Normal_Weight
no,1,3,Sometimes,2,Overweight_Level_I
no,2,3,Sometimes,3,Overweight_Level_II
no,2,3,Sometimes,3,Obesity_Type_I
no,3,1,Sometimes,1,Overweight_Level_II
yes,1,3,Frequently,1,Obesity_Type_I
yes,2,3,Sometimes,1,Overweight_Level_I
no,2,3,Frequently,2,Overweight_Level_I
yes,2,3,Sometimes,2,Normal_Weight
yes,2,3,Frequently,1,Insufficient_Weight
yes,3,3,Frequently,3,Normal_Weight
yes,1,3,Frequently,1,Insufficient_Weight
yes,3,4,Frequently,2,Insufficient_Weight
yes,3,3,Frequently,2,Overweight_Level_II
no,2,4,Always,2,Normal_Weight
yes,2,3,Sometimes,2,Normal_Weight
yes,2,3,Sometimes,3,Obesity_Type_I
yes,2,3,Frequently,1,Normal_Weight
yes,2,3,Sometimes,2,Normal_Weight
yes,2,3,Frequently,2,Normal_Weight
no,2,3,Sometimes,1,Normal_Weight
yes,3,3,Frequently,2,Normal_Weight
yes,2,1,Frequently,3,Insufficient_Weight
yes,2,4,Always,3,Normal_Weight
yes,3,3,Sometimes,2,Normal_Weight
no,3,3,Sometimes,2,Insufficient_Weight
yes,3,4,Frequently,2,Normal_Weight
yes,2,3,Frequently,2,Normal_Weight
yes,2,3,Frequently,1,Normal_Weight
no,2,3,Sometimes,3,Normal_Weight
yes,1,1,Sometimes,2,Normal_Weight
yes,2,3,Always,1,Obesity_Type_I
yes,2,3,Sometimes,1,Normal_Weight
yes,2,3,Sometimes,3,Normal_Weight
yes,3,3,Sometimes,1,Normal_Weight
no,2,3,Sometimes,3,Normal_Weight
yes,2,3,Frequently,2,Normal_Weight
yes,2,3,Frequently,2,Insufficient_Weight
yes,2,3,Frequently,1,Normal_Weight
no,2,3,Frequently,2,Normal_Weight
yes,2,1,Sometimes,2,Obesity_Type_I
no,2,1,Sometimes,1,Normal_Weight
yes,3,3,Sometimes,2,Normal_Weight
no,2,3,Sometimes,2,Overweight_Level_I
yes,2,3,Frequently,1,Normal_Weight
yes,3,3,Sometimes,3,Overweight_Level_I
yes,2,3,Sometimes,1,Normal_Weight
yes,2,4,Sometimes,2,Normal_Weight
yes,3,3,Always,3,Insufficient_Weight
yes,2,4,Always,2,Normal_Weight
no,2,3,Sometimes,3,Overweight_Level_I
yes,2,3,Sometimes,2,Obesity_Type_II
yes,1,3,Always,2,Normal_Weight
yes,2,1,Frequently,1,Normal_Weight
yes,3,4,Always,3,Normal_Weight
no,2,1,Sometimes,1,Normal_Weight
yes,2,4,Frequently,2,Insufficient_Weight
yes,2,3,Always,2,Normal_Weight
yes,3,3,Sometimes,1,Normal_Weight
yes,1,3,Always,2,Normal_Weight
yes,3,3,Sometimes,1,Normal_Weight
yes,2,3,Always,2,Normal_Weight
no,3,3,Frequently,1,Normal_Weight
yes,3,4,Sometimes,2,Normal_Weight
yes,2,3,Sometimes,1,Normal_Weight
yes,2,3,Sometimes,1,Overweight_Level_I
yes,3,1,Always,2,Normal_Weight
no,3,3,Frequently,1,Normal_Weight
no,3,3,Frequently,2,Insufficient_Weight
yes,2,3,Sometimes,2,Normal_Weight
yes,2,3,Sometimes,1,Overweight_Level_I
yes,2,1,Sometimes,1,Normal_Weight
yes,3,3,Sometimes,2,Normal_Weight
no,3,4,Frequently,1,Overweight_Level_I
no,3,1,Sometimes,3,Normal_Weight
yes,3,3,Sometimes,1,Obesity_Type_I
yes,3,4,Frequently,1,Insufficient_Weight
yes,2,3,Sometimes,2,Normal_Weight
yes,2,1,Sometimes,2,Normal_Weight
no,3,4,Always,3,Normal_Weight
yes,2,3,Frequently,2,Overweight_Level_I
yes,1,4,Frequently,1,Insufficient_Weight
yes,2,3,Sometimes,2,Normal_Weight
yes,3,3,Frequently,2,Normal_Weight
yes,3,1,Sometimes,2,Overweight_Level_I
no,2,3,Sometimes,1,Insufficient_Weight
yes,3,3,Sometimes,2,Normal_Weight
no,2,3,Sometimes,1,Normal_Weight
yes,3,3,Sometimes,2,Obesity_Type_I
no,3,3,Sometimes,2,Normal_Weight
yes,3,3,Frequently,2,Obesity_Type_III
yes,3,3,Always,2,Normal_Weight
no,3,3,Always,1,Normal_Weight
yes,2,3,Sometimes,3,Overweight_Level_II
yes,2,3,Sometimes,2,Normal_Weight
yes,2,3,Always,3,Obesity_Type_I
no,2,3,Sometimes,1,Normal_Weight
no,3,4,Always,2,Normal_Weight
yes,1,3,Sometimes,1,Normal_Weight
yes,1,3,Sometimes,2,Normal_Weight
yes,2,3,Sometimes,2,Normal_Weight
yes,3,1,Sometimes,1,Overweight_Level_I
no,3,3,Sometimes,2,Insufficient_Weight
yes,1,3,Sometimes,1,Normal_Weight
no,2,1,Sometimes,1,Obesity_Type_II
no,2,3,Sometimes,2,Normal_Weight
yes,2,3,Frequently,1,Normal_Weight
yes,2,1,Sometimes,2,Obesity_Type_I
no,3,3,Sometimes,2,Overweight_Level_I
yes,2,1,Sometimes,2,Normal_Weight
yes,2,1,Always,2,Overweight_Level_I
yes,3,3,Sometimes,2,Normal_Weight
yes,2,1,Sometimes,2,Overweight_Level_II
yes,2,3,Frequently,2,Overweight_Level_I
yes,2,1,Sometimes,2,Overweight_Level_II
no,3,3,Frequently,2,Overweight_Level_II
yes,2,3,Sometimes,1,Normal_Weight
yes,3,1,Always,2,Overweight_Level_I
yes,3,3,Sometimes,1,Normal_Weight
yes,2,1,Sometimes,2,Normal_Weight
yes,2,4,Frequently,2,Normal_Weight
yes,2,1,Frequently,3,Overweight_Level_II
no,3,3,Sometimes,1,Normal_Weight
no,2,4,Frequently,2,Normal_Weight
yes,3,3,Frequently,1,Normal_Weight
yes,3,3,Sometimes,2,Normal_Weight
yes,3,3,Sometimes,3,Overweight_Level_II
yes,3,3,Frequently,1,Normal_Weight
no,2,3,Frequently,1,Normal_Weight
no,2,3,Sometimes,2,Obesity_Type_I
yes,3,1,Sometimes,1,Normal_Weight
yes,2,3,Frequently,2,Normal_Weight
no,1,3,Sometimes,1,Normal_Weight
yes,2,3,Frequently,1,Obesity_Type_I
no,2,3,Sometimes,3,Obesity_Type_I
yes,1,1,Sometimes,2,Overweight_Level_I
yes,2,3,Always,3,Insufficient_Weight
no,2,3,Sometimes,2,Insufficient_Weight
no,3,3,Frequently,3,Normal_Weight
yes,1,3,Sometimes,2,Overweight_Level_II
yes,2,3,Sometimes,1,Normal_Weight
yes,1,3,Sometimes,2,Insufficient_Weight
no,3,3,Sometimes,1,Normal_Weight
yes,2,4,Frequently,3,Normal_Weight
yes,3,1,Always,1,Obesity_Type_II
no,3,1,Frequently,1,Normal_Weight
no,2,3,Sometimes,2,Overweight_Level_I
yes,2,3,Always,2,Normal_Weight
yes,3,1,Frequently,2,Overweight_Level_II
no,3,3,Sometimes,3,Obesity_Type_III
yes,2,3,Sometimes,2,Normal_Weight
no,3,3,Sometimes,2,Overweight_Level_II
no,2,3,Sometimes,2,Normal_Weight
yes,3,3,Frequently,1,Overweight_Level_I
no,3,1,Sometimes,2,Normal_Weight
yes,3,1,Sometimes,3,Normal_Weight
no,2,3,Sometimes,2,Normal_Weight
no,3,3,Sometimes,2,Overweight_Level_I
yes,2,3,Frequently,2,Normal_Weight
no,2,3,Sometimes,2,Overweight_Level_II
yes,2,1,Always,2,Obesity_Type_I
yes,3,3,Sometimes,3,Normal_Weight
yes,3,3,Sometimes,1,Overweight_Level_I
yes,3,3,Sometimes,2,Overweight_Level_II
yes,3,3,Sometimes,2,Obesity_Type_I
yes,1,3,Sometimes,1,Obesity_Type_I
yes,3,4,Sometimes,2,Insufficient_Weight
yes,3,4,Sometimes,2,Insufficient_Weight
yes,2,3,Sometimes,2,Normal_Weight
yes,2,3,Sometimes,1,Overweight_Level_II
no,2,3,Sometimes,1,Overweight_Level_I
yes,2,3,Always,2,Normal_Weight
no,2,3,Sometimes,3,Normal_Weight
yes,3,3,no,2,Normal_Weight
yes,3,1,Frequently,1,Normal_Weight
yes,2,3,Frequently,1,Normal_Weight
yes,2,3,Sometimes,1,Obesity_Type_I
yes,2,4,Frequently,2,Normal_Weight
yes,3,3,Frequently,1,Normal_Weight
yes,2,3,Sometimes,1,Normal_Weight
yes,2,4,Frequently,2,Normal_Weight
yes,2,1,Sometimes,3,Overweight_Level_I
yes,2,3,Sometimes,1,Normal_Weight
yes,2,1,Always,2,Normal_Weight
yes,3,3,Sometimes,2,Normal_Weight
yes,2,3,Frequently,2,Normal_Weight
yes,2,3,Sometimes,1,Normal_Weight
yes,3,3,Frequently,1,Normal_Weight
yes,2,3,Sometimes,2,Normal_Weight
yes,2,3,Sometimes,2,Insufficient_Weight
yes,2,1,Sometimes,2,Normal_Weight
yes,2,4,Sometimes,1,Normal_Weight
yes,3,3,Frequently,2,Normal_Weight
yes,2,4,Sometimes,2,Overweight_Level_I
yes,3,1,Sometimes,1,Obesity_Type_II
yes,1,3,Sometimes,2,Normal_Weight
yes,3,3,Sometimes,2,Normal_Weight
no,2,3,Frequently,2,Normal_Weight
no,3,3,no,2,Normal_Weight
yes,3,3,Sometimes,1,Normal_Weight
yes,3,1,Sometimes,1,Normal_Weight
yes,2,3,Frequently,1,Normal_Weight
yes,3,1,Frequently,2,Normal_Weight
yes,2,3,Sometimes,1,Normal_Weight
yes,2,3,Always,1,Normal_Weight
yes,2,3,Frequently,3,Overweight_Level_I
yes,2,3,Frequently,1,Normal_Weight
yes,2,1,Sometimes,2,Obesity_Type_I
yes,2,1,Always,2,Overweight_Level_II
no,2,3,Sometimes,1,Normal_Weight
no,3,4,Always,2,Normal_Weight
yes,2,3,Frequently,1,Normal_Weight
yes,3,3,Frequently,1,Normal_Weight
yes,3,3,Frequently,1,Normal_Weight
yes,3,3,Frequently,1,Insufficient_Weight
yes,3,1,Sometimes,2,Insufficient_Weight
yes,2,3,Frequently,2,Normal_Weight
yes,2,3,Sometimes,2,Obesity_Type_I
no,3,4,Frequently,2,Overweight_Level_II
yes,1,3,Frequently,1,Normal_Weight
yes,2,3,Sometimes,1,Normal_Weight
no,2,1,Sometimes,1,Overweight_Level_I
yes,3,3,Sometimes,2,Overweight_Level_I
yes,3,3,Frequently,1,Normal_Weight
yes,2,3,Frequently,1,Normal_Weight
yes,1,4,Frequently,2,Normal_Weight
yes,2,3,Sometimes,1,Normal_Weight
yes,3,4,Sometimes,1,Normal_Weight
yes,2,1,Frequently,2,Normal_Weight
yes,2,3,Sometimes,1,Overweight_Level_I
yes,2,3,Sometimes,1,Overweight_Level_II
yes,1,3,Always,2,Normal_Weight
yes,2,3,Sometimes,2,Normal_Weight
no,2,3,Sometimes,3,Obesity_Type_I
yes,3,3,Sometimes,3,Normal_Weight
yes,2,1,Sometimes,1,Normal_Weight
yes,3,3,no,2,Overweight_Level_II
yes,2,3,Sometimes,1,Normal_Weight
yes,3,3,Frequently,1,Overweight_Level_II
yes,2,3,Frequently,1,Normal_Weight
yes,3,3,Sometimes,2,Normal_Weight
yes,3,1,Always,1,Normal_Weight
yes,2,3,Sometimes,2,Insufficient_Weight
no,2,3,Sometimes,2,Normal_Weight
yes,3,3,Sometimes,1.152736,Obesity_Type_III
yes,3,3,Sometimes,1.115967,Obesity_Type_III
yes,3,3,Sometimes,2.704507,Obesity_Type_III
yes,3,3,Sometimes,2.184707,Obesity_Type_III
yes,3,3,Sometimes,2.406541,Obesity_Type_III
yes,3,3,Sometimes,2.984323,Obesity_Type_III
yes,3,3,Sometimes,2.444125,Obesity_Type_III
yes,3,3,Sometimes,2.654702,Obesity_Type_III
yes,3,3,Sometimes,2.825629,Obesity_Type_III
yes,2,3.28926,Sometimes,2.847264,Insufficient_Weight
yes,2,4,Sometimes,2.884033,Insufficient_Weight
yes,2.450218,3.995147,Sometimes,2.147746,Insufficient_Weight
yes,3,3,Frequently,2.815293,Insufficient_Weight
yes,3,3,Frequently,2.593459,Insufficient_Weight
yes,2.880161,3,Frequently,1.031354,Insufficient_Weight
no,3,1.72626,Frequently,2.444125,Insufficient_Weight
no,3,2.581015,Frequently,2.654702,Insufficient_Weight
no,3,1.600812,Frequently,2.651258,Insufficient_Weight
no,2.00876,1.73762,Frequently,1.792022,Insufficient_Weight
no,2.596579,1.10548,Frequently,1.490613,Insufficient_Weight
no,2.591439,3,Frequently,2.074048,Insufficient_Weight
yes,3,3,Sometimes,3,Insufficient_Weight
yes,3,2.0846,Sometimes,2.13755,Insufficient_Weight
yes,3,1.894384,Sometimes,2.456581,Insufficient_Weight
yes,2.392665,1,Frequently,1,Insufficient_Weight
yes,3,1,Frequently,1,Insufficient_Weight
yes,3,2.857787,Frequently,1,Insufficient_Weight
yes,3,1,Frequently,1.527036,Insufficient_Weight
yes,3,1,Frequently,1.322669,Insufficient_Weight
yes,3,1,Frequently,1,Insufficient_Weight
no,3,3.765526,Frequently,1.656082,Insufficient_Weight
no,3,3.285167,Frequently,1.569082,Insufficient_Weight
no,1.123939,4,Frequently,1,Insufficient_Weight
yes,3,3,Sometimes,2.843777,Insufficient_Weight
yes,3,3.691226,Sometimes,2.650989,Insufficient_Weight
yes,3,3,Sometimes,2.027984,Insufficient_Weight
yes,3,3,Frequently,2,Insufficient_Weight
yes,3,3.156153,Frequently,1.253803,Insufficient_Weight
yes,3,3,Frequently,2,Insufficient_Weight
yes,2,1.07976,Sometimes,1,Insufficient_Weight
yes,2.027574,1,Sometimes,1.636326,Insufficient_Weight
yes,2.658112,1,Sometimes,1.298165,Insufficient_Weight
no,2.88626,3.559841,Frequently,1.632004,Insufficient_Weight
no,2.714447,3,Frequently,2,Insufficient_Weight
no,2.750715,3,Frequently,2,Insufficient_Weight
yes,2,3,Frequently,2.099863,Insufficient_Weight
yes,2,3.891994,Frequently,1.86393,Insufficient_Weight
yes,2,3,Frequently,1.229915,Insufficient_Weight
yes,1.4925,3,Sometimes,1.049134,Insufficient_Weight
yes,1,3.240578,Sometimes,1,Insufficient_Weight
yes,2.205439,3,Sometimes,1.530531,Insufficient_Weight
yes,2.059138,3.904858,Frequently,2,Insufficient_Weight
yes,3,3.11158,Frequently,2.721769,Insufficient_Weight
yes,3,3.590039,Frequently,2.7305,Insufficient_Weight
yes,2,2.057935,Sometimes,2.371015,Insufficient_Weight
yes,2.310423,3.558637,Sometimes,1.787843,Insufficient_Weight
yes,2,2.000986,Sometimes,2.673835,Insufficient_Weight
yes,2.823179,3,Sometimes,1.773236,Insufficient_Weight
yes,2.052932,3,Sometimes,2,Insufficient_Weight
yes,2.596364,3,Sometimes,2,Insufficient_Weight
yes,2.767731,3.821168,Sometimes,2,Insufficient_Weight
yes,2,3.897078,Sometimes,2.622638,Insufficient_Weight
yes,2,3.092116,Sometimes,2.426465,Insufficient_Weight
yes,2.815157,3,Sometimes,2.911187,Insufficient_Weight
yes,2.737762,3,Sometimes,2.310921,Insufficient_Weight
yes,3,3.286431,Sometimes,2.148146,Insufficient_Weight
yes,2.568063,4,Sometimes,2,Insufficient_Weight
yes,2.524428,4,Sometimes,2,Insufficient_Weight
yes,2,4,Sometimes,2.157395,Insufficient_Weight
yes,3,3,Frequently,2,Insufficient_Weight
yes,2.971574,3.592415,Frequently,2.894678,Insufficient_Weight
yes,3,3,Frequently,2.025279,Insufficient_Weight
yes,3,3.754599,Sometimes,1.692112,Insufficient_Weight
yes,3,3.566082,Sometimes,1.438398,Insufficient_Weight
yes,3,3.725797,Sometimes,1.191401,Insufficient_Weight
yes,1.0816,3.520555,Frequently,1.016968,Insufficient_Weight
yes,1.270448,3.731212,Frequently,1.876915,Insufficient_Weight
yes,1.344854,4,Frequently,1,Insufficient_Weight
no,2.959658,3,Frequently,1,Insufficient_Weight
no,2.725282,1.259803,Frequently,1,Insufficient_Weight
no,2.844607,1.273128,Frequently,1.69551,Insufficient_Weight
yes,2.44004,3,Sometimes,2,Insufficient_Weight
yes,2.432302,3,Sometimes,2,Insufficient_Weight
yes,2.592247,3.304123,Sometimes,2.036764,Insufficient_Weight
yes,2.449267,3.647154,Frequently,1.266018,Insufficient_Weight
yes,2.929889,3,Frequently,2.792074,Insufficient_Weight
yes,2,3,Frequently,1.426874,Insufficient_Weight
yes,2.015258,3.300666,Sometimes,1.315608,Insufficient_Weight
yes,1.031149,3,Sometimes,1.963628,Insufficient_Weight
yes,1.592183,3.535016,Sometimes,1.086391,Insufficient_Weight
yes,1.21498,1.717608,Sometimes,1.179942,Insufficient_Weight
yes,1.522001,3,Sometimes,1.98126,Insufficient_Weight
yes,2.703436,2.884479,Sometimes,1.439962,Insufficient_Weight
yes,2.362918,4,Sometimes,2.358172,Insufficient_Weight
yes,3,3.626815,Sometimes,2,Insufficient_Weight
yes,2.14084,4,Sometimes,2.931438,Insufficient_Weight
yes,3,4,Sometimes,2,Insufficient_Weight
yes,2.5596,4,Sometimes,2,Insufficient_Weight
yes,2.336044,4,Sometimes,2,Insufficient_Weight
yes,2,3,Sometimes,2,Insufficient_Weight
yes,2,3,Sometimes,2,Insufficient_Weight
yes,1.813234,3,Sometimes,1.274815,Insufficient_Weight
no,2.724285,3,Frequently,1,Insufficient_Weight
no,3,3,Frequently,1.28246,Insufficient_Weight
no,3,3,Frequently,2.875583,Insufficient_Weight
yes,3,1,Frequently,1.387531,Insufficient_Weight
yes,2.71897,1.473088,Frequently,1.164644,Insufficient_Weight
yes,3,1,Frequently,1.848703,Insufficient_Weight
yes,1.133844,3,Sometimes,1.325326,Insufficient_Weight
yes,2,3.16645,Sometimes,2.278578,Insufficient_Weight
yes,1.757466,3,Sometimes,1.153559,Insufficient_Weight
yes,2,3.494849,Sometimes,2.976672,Insufficient_Weight
yes,2.979383,3,Frequently,2.975887,Insufficient_Weight
no,3,2.99321,Frequently,2.702783,Insufficient_Weight
no,2.204914,2.127797,Frequently,2.120292,Insufficient_Weight
no,3,3,Frequently,2.949419,Insufficient_Weight
yes,2.927218,1,Frequently,1,Insufficient_Weight
yes,2.88853,1,Frequently,1,Insufficient_Weight
no,2.890535,3.90779,Frequently,1.109115,Insufficient_Weight
yes,3,3.699594,Sometimes,2.825629,Insufficient_Weight
yes,3,3.179995,Frequently,1.910378,Insufficient_Weight
yes,2,1.075553,Sometimes,1,Insufficient_Weight
no,2.530066,3,Sometimes,1.965237,Insufficient_Weight
yes,2.241606,3,Frequently,1.846626,Insufficient_Weight
yes,1.003566,3.238258,Frequently,1.014634,Insufficient_Weight
yes,2.652779,3.804944,Frequently,1.60114,Insufficient_Weight
yes,2,1.630846,Sometimes,2.975528,Insufficient_Weight
yes,2.897899,3,Sometimes,1.835545,Insufficient_Weight
yes,2.483979,3.762778,Sometimes,2,Insufficient_Weight
yes,2.945967,3,Sometimes,2.953192,Insufficient_Weight
yes,2,4,Sometimes,2.28525,Insufficient_Weight
yes,2.478891,3.371832,Frequently,2.004126,Insufficient_Weight
yes,2.784464,4,Sometimes,1,Insufficient_Weight
yes,1.005578,4,Frequently,1,Insufficient_Weight
no,2.938031,2.705445,Frequently,1.333807,Insufficient_Weight
yes,2.842102,3.34175,Sometimes,2,Insufficient_Weight
yes,2,3,Frequently,2.685842,Insufficient_Weight
yes,2,3,Sometimes,2,Insufficient_Weight
yes,1.889199,2.217651,Sometimes,2.013605,Insufficient_Weight
yes,3,4,Sometimes,2,Insufficient_Weight
yes,2.943749,4,Sometimes,2,Insufficient_Weight
yes,2.33998,3,Sometimes,2,Insufficient_Weight
no,3,2.893778,Frequently,1,Insufficient_Weight
yes,3,1,Frequently,1.954889,Insufficient_Weight
yes,1.950742,3,Sometimes,1.751723,Insufficient_Weight
yes,2.277436,3.502604,Sometimes,2.891713,Insufficient_Weight
yes,2,4,Sometimes,2.369627,Insufficient_Weight
yes,2.371338,3.998766,Frequently,2.263466,Insufficient_Weight
yes,2.984425,3,Frequently,2.044694,Insufficient_Weight
yes,2.977018,3.193671,Frequently,2.482933,Insufficient_Weight
yes,2.663421,3,Frequently,1.04111,Insufficient_Weight
no,3,1.69608,Frequently,2.550307,Insufficient_Weight
no,2.753752,2.812377,Frequently,2.346647,Insufficient_Weight
no,3,1.612747,Frequently,2.566629,Insufficient_Weight
no,2.318355,1.082304,Frequently,1.220365,Insufficient_Weight
no,2.594653,1.882158,Frequently,1.916812,Insufficient_Weight
no,2.886157,2.326233,Frequently,2.306821,Insufficient_Weight
yes,3,3,Sometimes,2.924594,Insufficient_Weight
yes,3,1.989398,Sometimes,2.241607,Insufficient_Weight
yes,3,1.735493,Sometimes,2.318736,Insufficient_Weight
yes,2.967853,1,Frequently,1.131185,Insufficient_Weight
yes,3,1,Frequently,1,Insufficient_Weight
no,3,2.974568,Frequently,1.145761,Insufficient_Weight
yes,2.619835,1,Frequently,1.198883,Insufficient_Weight
yes,3,1,Frequently,1.185062,Insufficient_Weight
yes,3,1,Frequently,1,Insufficient_Weight
yes,3,3.715118,Frequently,1.774576,Insufficient_Weight
yes,3,3.489918,Frequently,1.326694,Insufficient_Weight
yes,1.053534,3.378859,Sometimes,1,Insufficient_Weight
yes,3,3.263201,Sometimes,2.233274,Insufficient_Weight
yes,3,3.994588,Sometimes,2.548527,Insufficient_Weight
yes,2.530233,3.24934,Sometimes,2.387945,Insufficient_Weight
yes,3,3,Sometimes,2,Insufficient_Weight
yes,2.8813,3.087544,Frequently,1.24818,Insufficient_Weight
yes,2.824559,3,Sometimes,2,Insufficient_Weight
yes,2.762325,1.163666,Sometimes,1.30491,Insufficient_Weight
yes,2.070964,1,Sometimes,1.676975,Insufficient_Weight
yes,2.68601,1,Sometimes,1.310074,Insufficient_Weight
yes,2.794197,3.409363,Sometimes,1.543021,Insufficient_Weight
no,2.720701,3,Sometimes,2,Insufficient_Weight
no,2.880792,3.281391,Sometimes,1.960131,Insufficient_Weight
yes,2.674431,3,Frequently,2.453384,Insufficient_Weight
yes,2,3.98525,Sometimes,2.654078,Insufficient_Weight
yes,2.55996,3,Frequently,1.990788,Insufficient_Weight
yes,1.212908,3.207071,Sometimes,1.029703,Insufficient_Weight
yes,1.140615,3.471536,Sometimes,1,Insufficient_Weight
yes,2.562409,3.488342,Sometimes,1.67062,Insufficient_Weight
yes,2.004146,3.443456,Frequently,2.020764,Insufficient_Weight
yes,2.690754,3.03779,Frequently,2.212296,Insufficient_Weight
yes,3,3.642802,Frequently,1.995177,Insufficient_Weight
yes,2.051283,2.645858,Sometimes,2.35752,Insufficient_Weight
yes,2.19005,3.420618,Sometimes,1.356405,Insufficient_Weight
yes,2.21498,2.64155,Sometimes,2.121251,Insufficient_Weight
yes,2.91548,3,Sometimes,1.777486,Insufficient_Weight
yes,2.708965,3,Sometimes,1.873004,Insufficient_Weight
yes,2.853513,3,Sometimes,2,Insufficient_Weight
yes,2.580872,3.887906,Sometimes,2,Insufficient_Weight
yes,2.508835,3.435905,Sometimes,2.076933,Insufficient_Weight
yes,2,3.747163,Sometimes,2.575535,Insufficient_Weight
yes,2.896562,2.625475,Sometimes,2.839558,Insufficient_Weight
yes,2.911877,3.098399,Sometimes,2.196405,Insufficient_Weight
yes,2.910733,3.12544,Sometimes,2.204263,Insufficient_Weight
yes,2.966126,3.96981,Sometimes,2,Insufficient_Weight
yes,2.613249,3.712183,Sometimes,2,Insufficient_Weight
yes,2,4,Sometimes,2.542415,Insufficient_Weight
yes,3,3,Frequently,2.00357,Insufficient_Weight
yes,2.627031,3.832911,Sometimes,2.993448,Insufficient_Weight
yes,3,3,Frequently,2.009796,Insufficient_Weight
yes,2.919751,3.576103,Sometimes,1.949308,Insufficient_Weight
yes,2.494451,3.56544,Sometimes,1.491268,Insufficient_Weight
yes,1.69427,3.266644,Sometimes,1.095417,Insufficient_Weight
yes,1.601236,3.433908,Sometimes,1.055019,Insufficient_Weight
yes,1.204855,3.531038,Sometimes,1.134658,Insufficient_Weight
yes,1.052699,3.998618,Frequently,1,Insufficient_Weight
no,2.910345,3,Frequently,1,Insufficient_Weight
yes,2.866383,1.226342,Frequently,1,Insufficient_Weight
yes,2.913486,1.060796,Frequently,1.596212,Insufficient_Weight
yes,2.432886,3,Sometimes,2,Insufficient_Weight
yes,2.883745,3.595761,Sometimes,2,Insufficient_Weight
yes,2.707666,3.737914,Sometimes,2.026547,Insufficient_Weight
yes,2.919584,3.697831,Frequently,1.147121,Insufficient_Weight
yes,2.969205,3.21043,Frequently,2.765876,Insufficient_Weight
yes,2.486189,3,Frequently,1.064378,Insufficient_Weight
yes,1.642241,3.45259,Sometimes,1.099231,Insufficient_Weight
yes,1.567101,3,Sometimes,1.994139,Insufficient_Weight
yes,1.036414,3.205587,Sometimes,1.745959,Insufficient_Weight
yes,1.649974,1.513835,Sometimes,1.549974,Insufficient_Weight
yes,1.118436,3,Sometimes,1.997744,Insufficient_Weight
yes,2.673638,2.779379,Frequently,1.249074,Insufficient_Weight
yes,2.120185,4,Sometimes,2.582165,Insufficient_Weight
yes,3,3.732126,Sometimes,2,Insufficient_Weight
yes,2.34222,3.937099,Sometimes,2.311791,Insufficient_Weight
yes,2.86099,4,Sometimes,2,Insufficient_Weight
yes,2.559571,3.047959,Sometimes,2,Insufficient_Weight
yes,2.424977,4,Sometimes,2,Insufficient_Weight
yes,1.786841,3,Sometimes,1.546856,Insufficient_Weight
yes,1.303878,3,Sometimes,1.755497,Insufficient_Weight
yes,1.889883,3,Sometimes,1.959531,Insufficient_Weight
no,2.984004,3,Frequently,1.015249,Insufficient_Weight
no,3,2.975362,Frequently,1.246822,Insufficient_Weight
no,3,3,Frequently,2.487919,Insufficient_Weight
yes,3,1,Frequently,1.49681,Insufficient_Weight
yes,2.749268,1.394539,Frequently,1.322048,Insufficient_Weight
yes,3,1,Frequently,1.764055,Insufficient_Weight
yes,1.202075,3,Sometimes,1.927976,Insufficient_Weight
yes,2,3.131032,Sometimes,2.072194,Insufficient_Weight
yes,1.871213,3,Sometimes,1.283738,Insufficient_Weight
yes,2.341133,1.578521,Sometimes,2,Overweight_Level_I
yes,2,1,no,2.115967,Overweight_Level_I
yes,1.450218,3.985442,Sometimes,2.147746,Overweight_Level_I
yes,2.204914,3.623364,Sometimes,1.815293,Overweight_Level_I
yes,1.206276,3,no,2.406541,Overweight_Level_I
yes,2,3,Sometimes,1.015677,Overweight_Level_I
yes,2.81646,3.36313,Sometimes,2.722063,Overweight_Level_I
yes,2,3,Sometimes,1.345298,Overweight_Level_I
yes,2,3,Sometimes,1.825629,Overweight_Level_I
yes,2,1.73762,Sometimes,2.207978,Overweight_Level_I
yes,2,3,Sometimes,2,Overweight_Level_I
no,3,1.146052,Sometimes,1.074048,Overweight_Level_I
yes,1.758394,3.981997,Sometimes,2.174248,Overweight_Level_I
yes,2,1.9154,no,3,Overweight_Level_I
yes,2,2.105616,Sometimes,1.456581,Overweight_Level_I
yes,2.392665,3,Sometimes,2.951056,Overweight_Level_I
yes,2.577427,1,Sometimes,2,Overweight_Level_I
yes,2,1,no,2.803311,Overweight_Level_I
yes,2,1,no,3,Overweight_Level_I
yes,2,1,no,3,Overweight_Level_I
yes,2.052152,3,Sometimes,1.972074,Overweight_Level_I
yes,3,1,Sometimes,2,Overweight_Level_I
yes,2.954996,3.714833,Sometimes,2.430918,Overweight_Level_I
yes,3,3,Sometimes,2.229171,Overweight_Level_I
yes,2,3,Sometimes,2.843777,Overweight_Level_I
yes,2,3.691226,no,3,Overweight_Level_I
yes,2,3,Frequently,2,Overweight_Level_I
yes,2.555401,3.292386,Sometimes,3,Overweight_Level_I
yes,2.108711,3,Sometimes,2.746197,Overweight_Level_I
yes,2.915279,1.104642,Sometimes,1.530046,Overweight_Level_I
yes,1.570089,3,Sometimes,2,Overweight_Level_I
yes,2,3,Sometimes,1.636326,Overweight_Level_I
yes,2,3,Sometimes,1.701835,Overweight_Level_I
yes,1.94313,3.559841,Sometimes,2.367996,Overweight_Level_I
yes,2.714447,3,Sometimes,3,Overweight_Level_I
yes,2,3,Sometimes,2.292073,Overweight_Level_I
yes,2.903545,3,Sometimes,1.549931,Overweight_Level_I
yes,2,3,Sometimes,1,Overweight_Level_I
yes,3,3.654061,Sometimes,1.229915,Overweight_Level_I
yes,1.75375,1.296156,Sometimes,2,Overweight_Level_I
yes,2.543563,1,Sometimes,2,Overweight_Level_I
yes,2.39728,2.656588,Sometimes,2.061062,Overweight_Level_I
no,3,2.809716,Sometimes,1.591425,Overweight_Level_I
yes,2,2.77684,Sometimes,1.278231,Overweight_Level_I
yes,2.37464,3,Sometimes,2,Overweight_Level_I
yes,2.278644,1,Sometimes,2.628985,Overweight_Level_I
yes,1.620845,1,Sometimes,2,Overweight_Level_I
yes,2,1.999014,Sometimes,2.326165,Overweight_Level_I
yes,2.823179,2.644692,Sometimes,1.226764,Overweight_Level_I
yes,3,2.449723,Sometimes,2,Overweight_Level_I
yes,3,3,Sometimes,1.174611,Overweight_Level_I
yes,2,3,Sometimes,1,Overweight_Level_I
yes,2,2.794156,Sometimes,2.377362,Overweight_Level_I
yes,2.061952,4,Sometimes,2.426465,Overweight_Level_I
yes,2,1.146794,Sometimes,3,Overweight_Level_I
yes,2,1.131695,Sometimes,1.344539,Overweight_Level_I
yes,2.838969,3,Sometimes,2.425927,Overweight_Level_I
yes,2.568063,3,Sometimes,1.817983,Overweight_Level_I
yes,3,3,Sometimes,1.205633,Overweight_Level_I
yes,2.652958,2.488189,Sometimes,2,Overweight_Level_I
yes,2,1,no,2.00876,Overweight_Level_I
yes,2,1,no,2.069184,Overweight_Level_I
yes,1.27785,3.999591,Sometimes,2.495944,Overweight_Level_I
yes,2,3,Sometimes,1.957871,Overweight_Level_I
yes,1.729824,3.612941,no,2.043703,Overweight_Level_I
yes,1.452524,3.950553,no,2.109858,Overweight_Level_I
yes,2,3,Sometimes,2.177386,Overweight_Level_I
yes,2,3,Sometimes,2.168651,Overweight_Level_I
yes,3,2.951837,Sometimes,2.112032,Overweight_Level_I
yes,2,2.799979,Sometimes,1.081333,Overweight_Level_I
yes,2,3,Sometimes,1.005727,Overweight_Level_I
yes,2,3,Sometimes,2,Overweight_Level_I
yes,2,3,Sometimes,2,Overweight_Level_I
yes,2,2.228113,Sometimes,2.045004,Overweight_Level_I
yes,2.303367,3.042774,Sometimes,1.277636,Overweight_Level_I
yes,2.948425,1.198643,Sometimes,1,Overweight_Level_I
yes,2.291846,1.555557,Sometimes,1,Overweight_Level_I
yes,1.906194,3.987707,Sometimes,2.597746,Overweight_Level_I
yes,1.834155,3.995957,Sometimes,2.632871,Overweight_Level_I
yes,2,1,no,3,Overweight_Level_I
yes,2.048582,1.047197,Sometimes,2,Overweight_Level_I
yes,2.948248,3,Sometimes,2.429911,Overweight_Level_I
yes,2.869436,3,Sometimes,2.972426,Overweight_Level_I
yes,2.293705,1,Sometimes,2,Overweight_Level_I
yes,2.510583,1,Sometimes,2,Overweight_Level_I
yes,2,1,no,3,Overweight_Level_I
yes,2,1,no,3,Overweight_Level_I
yes,2,1,no,3,Overweight_Level_I
yes,2,1,no,3,Overweight_Level_I
yes,2,1,no,3,Overweight_Level_I
yes,2.366949,3,Sometimes,1.926577,Overweight_Level_I
yes,2.615788,3,Sometimes,1.771781,Overweight_Level_I
yes,3,1,Sometimes,2,Overweight_Level_I
yes,2.217267,1.193589,Sometimes,2,Overweight_Level_I
yes,3,3,Sometimes,2.759246,Overweight_Level_I
yes,2.801514,3,Sometimes,2.734782,Overweight_Level_I
yes,2.188722,3,Sometimes,2.721356,Overweight_Level_I
yes,2.971351,3.390143,Sometimes,2.133767,Overweight_Level_I
yes,2.086093,3.546352,Sometimes,2.081121,Overweight_Level_I
yes,1.901611,3.266501,no,2.926995,Overweight_Level_I
yes,1.977298,3.554974,no,2.217957,Overweight_Level_I
yes,2.446872,2.372311,Sometimes,1.81031,Overweight_Level_I
yes,2.839048,2.10601,Sometimes,1.639202,Overweight_Level_I
yes,2.21232,4,Sometimes,2.374044,Overweight_Level_I
yes,2.427689,3.715306,Sometimes,2.876096,Overweight_Level_I
yes,2.357496,3.376717,Sometimes,2.184843,Overweight_Level_I
yes,3,1,Sometimes,2,Overweight_Level_I
yes,3,1,Sometimes,2,Overweight_Level_I
yes,1.078529,1.211606,Sometimes,2.568063,Overweight_Level_I
yes,2,3,Sometimes,1.333707,Overweight_Level_I
yes,2,3,Sometimes,1.164062,Overweight_Level_I
yes,2,3,Sometimes,2,Overweight_Level_I
yes,1.064162,3.98955,Sometimes,2.028426,Overweight_Level_I
yes,1.993101,3.171082,Sometimes,2.364498,Overweight_Level_I
yes,2.620963,3,Sometimes,2.824559,Overweight_Level_I
yes,2.95118,3,Sometimes,3,Overweight_Level_I
yes,2.021446,3,Sometimes,1.077917,Overweight_Level_I
yes,2,3,Sometimes,1,Overweight_Level_I
yes,2.000466,3,Sometimes,1.131448,Overweight_Level_I
yes,2.5621,3.105007,Sometimes,1.172427,Overweight_Level_I
yes,2,3,Sometimes,1.040342,Overweight_Level_I
yes,2,3,Sometimes,1.274718,Overweight_Level_I
yes,2.96008,1,Sometimes,2,Overweight_Level_I
yes,2.53915,1.590982,Sometimes,1.977801,Overweight_Level_I
yes,2.244142,1.704828,Sometimes,1,Overweight_Level_I
no,3,2.725012,Sometimes,1.62244,Overweight_Level_I
yes,2,2.372339,Sometimes,1.675733,Overweight_Level_I
yes,2,1.097312,Sometimes,1.328835,Overweight_Level_I
yes,2.253371,3,Sometimes,2.756916,Overweight_Level_I
yes,2.851664,1,Sometimes,2,Overweight_Level_I
yes,1.31415,1.068196,Sometimes,1.364957,Overweight_Level_I
yes,1.321028,1,Sometimes,2,Overweight_Level_I
yes,2,1.411685,Sometimes,1.859089,Overweight_Level_I
yes,2.253998,2.752318,Sometimes,2.328331,Overweight_Level_I
yes,2.778079,3,Sometimes,1.696691,Overweight_Level_I
yes,2.838037,2.737571,Sometimes,1.144467,Overweight_Level_I
yes,3,2.973504,Sometimes,2,Overweight_Level_I
yes,2.814453,2.608055,Sometimes,1.85916,Overweight_Level_I
yes,2.013782,2.625942,Sometimes,1.045586,Overweight_Level_I
yes,2,1.411808,Sometimes,2.651194,Overweight_Level_I
yes,2,1.095223,Sometimes,2.474132,Overweight_Level_I
yes,2.459976,3.30846,Sometimes,2.078011,Overweight_Level_I
yes,2.643183,3.821461,Sometimes,2.397124,Overweight_Level_I
yes,2,3,Sometimes,2.813234,Overweight_Level_I
yes,2,2.658639,Sometimes,2.781628,Overweight_Level_I
yes,2.22399,1,Sometimes,2.20312,Overweight_Level_I
yes,2.104105,3,Sometimes,1.871033,Overweight_Level_I
yes,1.972545,2.339614,Sometimes,1.711074,Overweight_Level_I
yes,2.286481,1.713762,Sometimes,1.797161,Overweight_Level_I
yes,2.971588,2.743277,Sometimes,1.394883,Overweight_Level_I
yes,2,1,no,2.881677,Overweight_Level_I
yes,2,1,no,2.795651,Overweight_Level_I
yes,2.872121,3.051804,Sometimes,2.111913,Overweight_Level_I
yes,2.109162,3.245148,Sometimes,1.971774,Overweight_Level_I
yes,2.178889,3.563744,Sometimes,1.853991,Overweight_Level_I
yes,1.142468,3,no,2.197732,Overweight_Level_I
yes,2.047069,3.829101,Sometimes,1.641022,Overweight_Level_I
yes,2.843709,3.058539,Sometimes,1.130079,Overweight_Level_I
yes,2.416044,3.196043,Sometimes,1.352649,Overweight_Level_I
yes,2,3,Sometimes,1.968011,Overweight_Level_I
yes,2.146598,3,Sometimes,2.100112,Overweight_Level_I
yes,2,3,Sometimes,1.362642,Overweight_Level_I
yes,2,1.391778,Sometimes,2.64548,Overweight_Level_I
yes,2,3,Sometimes,2,Overweight_Level_I
yes,2,3,Sometimes,2,Overweight_Level_I
yes,3,1.13715,Sometimes,1.000695,Overweight_Level_I
yes,1.766849,3.322522,Sometimes,2.616285,Overweight_Level_I
yes,1.188089,3.269088,Sometimes,2.039535,Overweight_Level_I
yes,1.910176,2.938135,no,2.943097,Overweight_Level_I
yes,2,1.259628,no,3,Overweight_Level_I
yes,2.956671,2.965494,Sometimes,2.868132,Overweight_Level_I
yes,2.002796,3,Sometimes,2.526775,Overweight_Level_I
yes,2.288604,2.845307,Sometimes,2.638164,Overweight_Level_I
yes,2.277077,1,Sometimes,2,Overweight_Level_I
yes,2.138334,1,Sometimes,2,Overweight_Level_I
yes,2,1,no,2.976177,Overweight_Level_I
yes,2,1,no,3,Overweight_Level_I
yes,2,1,no,3,Overweight_Level_I
yes,2,1,no,3,Overweight_Level_I
yes,2.029634,3,Sometimes,1.827515,Overweight_Level_I
yes,2.048216,3,Sometimes,1.305816,Overweight_Level_I
yes,2.8557,1,Sometimes,2.663861,Overweight_Level_I
yes,2.995599,3.095663,Sometimes,2.568157,Overweight_Level_I
yes,2.987148,3.483449,Sometimes,2.359246,Overweight_Level_I
yes,2,3,Sometimes,2.763573,Overweight_Level_I
yes,2,3.156309,no,3,Overweight_Level_I
yes,1.887951,3.728377,no,2.682107,Overweight_Level_I
yes,2.786008,3,Sometimes,2.526193,Overweight_Level_I
yes,2,3,Sometimes,2,Overweight_Level_I
yes,2.342323,3.60885,Sometimes,2.878866,Overweight_Level_I
yes,1.874935,3.370362,Sometimes,2.558773,Overweight_Level_I
yes,2.213135,3,Sometimes,2.046766,Overweight_Level_I
yes,2.273548,2.39007,Sometimes,1.648404,Overweight_Level_I
yes,2.780699,1.101404,Sometimes,1.579207,Overweight_Level_I
yes,1.687569,2.756405,Sometimes,2.079131,Overweight_Level_I
yes,2,3,Sometimes,1.081597,Overweight_Level_I
yes,2,3,Sometimes,1.833055,Overweight_Level_I
yes,2,3,Sometimes,1.281683,Overweight_Level_I
yes,1.989905,3.054899,Sometimes,2.080968,Overweight_Level_I
yes,1.947405,3.118013,Sometimes,2.136159,Overweight_Level_I
yes,2.162519,3,Sometimes,2.152666,Overweight_Level_I
yes,2.923916,3.335876,Sometimes,2.372444,Overweight_Level_I
yes,2.99448,3,Sometimes,1.706568,Overweight_Level_I
yes,2,3,Sometimes,1,Overweight_Level_I
yes,3,3.205009,Sometimes,2.643468,Overweight_Level_I
yes,2.507841,3.648194,Sometimes,1.279756,Overweight_Level_I
yes,1.836554,1.865238,Sometimes,2,Overweight_Level_I
yes,1.773265,2.118153,Sometimes,1.075239,Overweight_Level_I
yes,2.388168,1,Sometimes,1.438018,Overweight_Level_I
yes,2.286146,2.961113,Sometimes,2.657303,Overweight_Level_I
yes,3,2.400943,Sometimes,1.509734,Overweight_Level_I
yes,2,2.870005,Sometimes,1.15031,Overweight_Level_I
yes,2.487167,3,Sometimes,2.396977,Overweight_Level_I
yes,2.185938,1,no,2.81353,Overweight_Level_I
yes,2.206399,1,Sometimes,2,Overweight_Level_I
yes,1.952987,1,Sometimes,1.334856,Overweight_Level_I
yes,2,1.030416,Sometimes,2.118716,Overweight_Level_I
yes,2.908757,2.696051,Sometimes,1.622827,Overweight_Level_I
yes,2.628791,2.762883,Sometimes,1.512035,Overweight_Level_I
yes,3,2.401341,Sometimes,2,Overweight_Level_I
yes,2.749629,2.298612,Sometimes,2,Overweight_Level_I
yes,1.595746,3.618722,Sometimes,1.274389,Overweight_Level_I
yes,2.885178,2.562895,Sometimes,1.017006,Overweight_Level_I
yes,2.372494,2.849848,Sometimes,1.028538,Overweight_Level_I
yes,2,2.805436,Sometimes,2.122884,Overweight_Level_I
yes,2.153639,3.715148,Sometimes,2.703337,Overweight_Level_I
yes,2.793561,3.788602,Sometimes,2.429059,Overweight_Level_I
yes,2,1.893811,Sometimes,3,Overweight_Level_I
yes,2,1.010319,Sometimes,1.319437,Overweight_Level_I
yes,2.992329,3,Sometimes,2.004908,Overweight_Level_I
yes,2.927409,3,Sometimes,2.209991,Overweight_Level_I
yes,2.706134,2.669766,Sometimes,1.979848,Overweight_Level_I
yes,2.010684,1.322087,Sometimes,2,Overweight_Level_II
yes,2,2.041558,Sometimes,2.38725,Overweight_Level_II
yes,2,3,Sometimes,2,Overweight_Level_II
yes,2,2.468421,Sometimes,2,Overweight_Level_II
yes,2,2.110937,Sometimes,2.175632,Overweight_Level_II
yes,2.300408,3.071028,Sometimes,1.738959,Overweight_Level_II
yes,2.119643,3.292956,Sometimes,1.723372,Overweight_Level_II
yes,2,3,Sometimes,2,Overweight_Level_II
yes,2,3,Sometimes,2,Overweight_Level_II
no,2,2.283673,Sometimes,1.970622,Overweight_Level_II
yes,2.901924,1.124977,Sometimes,2.76382,Overweight_Level_II
yes,2,2.9948,Sometimes,1.290979,Overweight_Level_II
no,2.451009,3,Sometimes,2,Overweight_Level_II
no,2,2.983297,Sometimes,1.453626,Overweight_Level_II
yes,2.754646,3,Sometimes,2.957821,Overweight_Level_II
no,2.417635,3,Sometimes,1.937674,Overweight_Level_II
no,2.512719,3,Sometimes,1.131169,Overweight_Level_II
yes,1.771693,1.890213,Sometimes,2,Overweight_Level_II
yes,1.57223,1.888067,Sometimes,2,Overweight_Level_II
yes,2,3,Sometimes,2,Overweight_Level_II
yes,2,2.256119,Sometimes,1.142873,Overweight_Level_II
yes,2,3,Sometimes,2.020424,Overweight_Level_II
yes,2,2.6648,Sometimes,1.810738,Overweight_Level_II
yes,2.661556,3,Sometimes,3,Overweight_Level_II
yes,2,3,Sometimes,1.18423,Overweight_Level_II
yes,2,3,Sometimes,2.879402,Overweight_Level_II
yes,3,3,Sometimes,1.699971,Overweight_Level_II
no,2.097373,2.547086,Sometimes,1.538626,Overweight_Level_II
yes,2.061461,2.812283,Sometimes,3,Overweight_Level_II
yes,1.317729,2.278652,Sometimes,2,Overweight_Level_II
yes,1.882235,1.240046,Sometimes,2,Overweight_Level_II
yes,2.951591,3,Sometimes,2.971557,Overweight_Level_II
yes,2.067817,3,Sometimes,1.082084,Overweight_Level_II
yes,2.54527,3,Sometimes,2.269564,Overweight_Level_II
yes,2,1.660768,Sometimes,2.482294,Overweight_Level_II
yes,2,2.597608,Sometimes,2,Overweight_Level_II
yes,2,3,Sometimes,2,Overweight_Level_II
yes,2.694281,3,Sometimes,2.653831,Overweight_Level_II
yes,2,3,Sometimes,2,Overweight_Level_II
yes,2.821977,2.044035,Sometimes,1.954968,Overweight_Level_II
yes,2,3,Sometimes,1,Overweight_Level_II
yes,2,2.038373,Sometimes,2,Overweight_Level_II
no,2,1,Sometimes,1,Overweight_Level_II
no,2,1,Sometimes,1,Overweight_Level_II
no,2,1.474836,Sometimes,2,Overweight_Level_II
no,2.252472,3.986652,Sometimes,2,Overweight_Level_II
yes,2,2.720642,Sometimes,1.5197,Overweight_Level_II
yes,2,1.976744,Sometimes,1.628997,Overweight_Level_II
yes,3,3,Sometimes,2.981604,Overweight_Level_II
yes,2.033745,3,Sometimes,1.517225,Overweight_Level_II
yes,3,2.679724,Sometimes,1.999737,Overweight_Level_II
yes,2.595128,1.619796,Sometimes,1.642251,Overweight_Level_II
yes,2.759286,2.59257,Sometimes,2.549617,Overweight_Level_II
yes,2,1.546665,Sometimes,3,Overweight_Level_II
no,3,3.339914,Sometimes,2,Overweight_Level_II
no,3,3.884861,Sometimes,2,Overweight_Level_II
no,1.925064,2.358298,Sometimes,2.774043,Overweight_Level_II
yes,2,3,Sometimes,1.774778,Overweight_Level_II
yes,2,3,Sometimes,2.802498,Overweight_Level_II
yes,2.846981,3,Sometimes,2.87781,Overweight_Level_II
yes,2.650629,1,Sometimes,1.708083,Overweight_Level_II
yes,3,1.802305,Sometimes,2,Overweight_Level_II
yes,2,3,Sometimes,3,Overweight_Level_II
yes,2,2.7976,Sometimes,2.991671,Overweight_Level_II
yes,2.631565,2.627173,Sometimes,2.253422,Overweight_Level_II
yes,2,1,Sometimes,2,Overweight_Level_II
no,2.522399,1.032887,Sometimes,2.397653,Overweight_Level_II
no,3,3.014808,Sometimes,2,Overweight_Level_II
yes,2,2.271734,Sometimes,2.629043,Overweight_Level_II
yes,2.784471,2.122545,Sometimes,2.984153,Overweight_Level_II
no,1.650505,3,Sometimes,2,Overweight_Level_II
no,1.961347,3,Sometimes,2,Overweight_Level_II
yes,2.133955,2.902766,Sometimes,1.753464,Overweight_Level_II
yes,2.684528,1,Sometimes,1.05668,Overweight_Level_II
yes,2.265973,2.687502,Sometimes,2,Overweight_Level_II
yes,2,3,Sometimes,2.205911,Overweight_Level_II
no,3,3,Sometimes,2,Overweight_Level_II
yes,2,1.178708,Sometimes,1.791286,Overweight_Level_II
yes,2,3,Sometimes,1.117464,Overweight_Level_II
yes,1.306844,2.279546,Sometimes,2,Overweight_Level_II
yes,2,2.677693,Sometimes,2.693978,Overweight_Level_II
no,2.258795,3.53009,Sometimes,1.172186,Overweight_Level_II
yes,2,3,Sometimes,2.641642,Overweight_Level_II
yes,2.689929,1.835543,Sometimes,1.718569,Overweight_Level_II
yes,2.712747,2.853676,Sometimes,1.526313,Overweight_Level_II
yes,2.353603,2.337035,Sometimes,1.830614,Overweight_Level_II
yes,2.598051,3,Sometimes,1,Overweight_Level_II
yes,1.718156,1.631184,Sometimes,2,Overweight_Level_II
yes,2,3,Sometimes,2,Overweight_Level_II
yes,2,1.005391,Sometimes,2.001936,Overweight_Level_II
yes,2.795086,3.250467,Sometimes,1.367876,Overweight_Level_II
yes,2,3,Sometimes,2,Overweight_Level_II
no,2.030256,2.948721,Sometimes,1.984323,Overweight_Level_II
yes,2,1.80993,Sometimes,2.174835,Overweight_Level_II
no,2.493448,3,Sometimes,1.849997,Overweight_Level_II
yes,2.442536,3,Sometimes,2.825629,Overweight_Level_II
no,2.003951,3,Sometimes,1.207978,Overweight_Level_II
yes,1.34138,1.94671,Sometimes,2,Overweight_Level_II
yes,2,2.9796,Sometimes,1.964435,Overweight_Level_II
yes,2,2.994198,Sometimes,2.747302,Overweight_Level_II
yes,2,3,Sometimes,2.13755,Overweight_Level_II
yes,2,1.894384,Sometimes,2,Overweight_Level_II
yes,2.607335,3,Sometimes,2,Overweight_Level_II
yes,3,3,Sometimes,1.507638,Overweight_Level_II
no,2.061384,2.579291,Sometimes,1.909253,Overweight_Level_II
no,2.696381,3,Sometimes,2.472964,Overweight_Level_II
yes,1.116068,2.449067,Sometimes,2,Overweight_Level_II
yes,2.116432,3,Sometimes,1.002292,Overweight_Level_II
yes,3,3,Sometimes,2.147074,Overweight_Level_II
yes,2.031246,3,Sometimes,2.803002,Overweight_Level_II
yes,2.938031,1.532833,Sometimes,1.931242,Overweight_Level_II
yes,2,3,Sometimes,2,Overweight_Level_II
yes,2.884212,3,Sometimes,3,Overweight_Level_II
yes,2,2.961706,Sometimes,2,Overweight_Level_II
yes,2.444599,3,Sometimes,1.029798,Overweight_Level_II
yes,2,1.152521,Sometimes,1.723159,Overweight_Level_II
no,2,1.104642,Sometimes,1,Overweight_Level_II
no,2,1,Sometimes,1.639807,Overweight_Level_II
yes,2,1.729553,Sometimes,1.400247,Overweight_Level_II
yes,3,3,Sometimes,2.994515,Overweight_Level_II
yes,2.976975,1.346987,Sometimes,1.868349,Overweight_Level_II
yes,2,1.977221,Sometimes,3,Overweight_Level_II
no,2.766036,2.443812,Sometimes,2.707927,Overweight_Level_II
no,1.096455,2.491315,Sometimes,2.450069,Overweight_Level_II
yes,2.129969,3,Sometimes,1.568035,Overweight_Level_II
no,2.019674,2.843319,Sometimes,2.832004,Overweight_Level_II
no,2.735297,2.157164,Sometimes,1.087166,Overweight_Level_II
yes,3,3,Sometimes,2.503198,Overweight_Level_II
yes,1.588782,2.601675,Sometimes,2.469469,Overweight_Level_II
yes,2,1.171027,Sometimes,2.405172,Overweight_Level_II
yes,2.01054,2.77684,Sometimes,1.651548,Overweight_Level_II
no,3,3.362758,Sometimes,2,Overweight_Level_II
yes,2,1.672706,Sometimes,2.766674,Overweight_Level_II
yes,2.689577,2.714115,Sometimes,2.279214,Overweight_Level_II
yes,2.413156,2.521546,Sometimes,1.985312,Overweight_Level_II
yes,2.923433,1.338033,Sometimes,1.944095,Overweight_Level_II
yes,3,3,Sometimes,2,Overweight_Level_II
yes,2,3,Sometimes,2.035954,Overweight_Level_II
yes,2.882522,3,Sometimes,2.452986,Overweight_Level_II
yes,2,3,Sometimes,1.622638,Overweight_Level_II
yes,1.973499,1.081805,Sometimes,2,Overweight_Level_II
no,3,3.087119,Sometimes,2,Overweight_Level_II
yes,2.156065,2.909117,Sometimes,1.221281,Overweight_Level_II
yes,2.992205,3,Sometimes,2.413813,Overweight_Level_II
yes,2.944287,1.466393,Sometimes,2.442775,Overweight_Level_II
yes,1.780746,1.471053,Sometimes,2,Overweight_Level_II
yes,2.164062,2.983201,Sometimes,2.168904,Overweight_Level_II
yes,2,3,Sometimes,2,Overweight_Level_II
yes,2,2.783336,Sometimes,2,Overweight_Level_II
yes,2,1.863012,Sometimes,2.196471,Overweight_Level_II
yes,2.247704,3.053598,Sometimes,1.919629,Overweight_Level_II
yes,2.011656,3.165837,Sometimes,1.844645,Overweight_Level_II
yes,2,3,Sometimes,2,Overweight_Level_II
yes,2,3,Sometimes,2,Overweight_Level_II
no,2.03414,2.741413,Sometimes,1.996384,Overweight_Level_II
yes,2.746408,1.058123,Sometimes,2.265727,Overweight_Level_II
yes,2,2.997414,Sometimes,1.259454,Overweight_Level_II
no,2.1239,1.672958,Sometimes,2,Overweight_Level_II
no,2,1.680838,Sometimes,1.833635,Overweight_Level_II
yes,2.332074,3,Sometimes,2.999495,Overweight_Level_II
no,2.748243,3.070386,Sometimes,1.962322,Overweight_Level_II
no,2.303656,3,Sometimes,1.163111,Overweight_Level_II
yes,1.904732,2.608416,Sometimes,1.204175,Overweight_Level_II
yes,1.979944,1.599464,Sometimes,2,Overweight_Level_II
yes,2,2.815255,Sometimes,1.622214,Overweight_Level_II
yes,2,2.395785,Sometimes,1.40077,Overweight_Level_II
yes,2,3,Sometimes,2.056053,Overweight_Level_II
yes,2.407817,2.844138,Sometimes,1.983649,Overweight_Level_II
yes,2.734314,3,Sometimes,3,Overweight_Level_II
yes,2,3,Sometimes,1.199517,Overweight_Level_II
yes,2,3,Sometimes,2.386904,Overweight_Level_II
yes,2.784383,3,Sometimes,2.165605,Overweight_Level_II
yes,2.009952,2.716106,Sometimes,1.660614,Overweight_Level_II
no,2.008656,1.402771,Sometimes,3,Overweight_Level_II
yes,1.122127,2.865657,Sometimes,2,Overweight_Level_II
yes,1.963965,1.836226,Sometimes,1.85537,Overweight_Level_II
yes,2.319776,2.884848,Sometimes,2.154898,Overweight_Level_II
yes,1.899116,2.375026,Sometimes,1.39854,Overweight_Level_II
yes,2.042762,2.9774,Sometimes,1.522426,Overweight_Level_II
yes,2.129668,2.693646,Sometimes,2.60669,Overweight_Level_II
yes,2.182401,2.832018,Sometimes,2.456939,Overweight_Level_II
yes,2,3,Sometimes,2,Overweight_Level_II
yes,2.802696,3,Sometimes,2.978465,Overweight_Level_II
yes,2,3,Sometimes,2,Overweight_Level_II
no,2.492758,2.270163,Sometimes,1.992586,Overweight_Level_II
yes,2.733129,3,Sometimes,1.302594,Overweight_Level_II
yes,2,2.646717,Sometimes,2,Overweight_Level_II
no,2,1,Sometimes,1.278578,Overweight_Level_II
no,2,1.193729,Sometimes,1.846441,Overweight_Level_II
no,2,1.477581,Sometimes,1.995035,Overweight_Level_II
no,2.294067,3.209508,Sometimes,2,Overweight_Level_II
yes,2,2.756622,Sometimes,1.606076,Overweight_Level_II
yes,2.315932,2.658478,Sometimes,1.568476,Overweight_Level_II
yes,3,3,Sometimes,2.166024,Overweight_Level_II
yes,2.802128,3,Sometimes,1.744628,Overweight_Level_II
yes,2.79606,1.971472,Sometimes,1.921601,Overweight_Level_II
yes,2.086898,1.818026,Sometimes,2.088929,Overweight_Level_II
yes,2.333503,1.820779,Sometimes,2.559265,Overweight_Level_II
yes,2,1.724887,Sometimes,3,Overweight_Level_II
no,3,3.129155,Sometimes,2,Overweight_Level_II
no,3,3.856434,Sometimes,2,Overweight_Level_II
no,1.653081,2.753418,Sometimes,2.192063,Overweight_Level_II
yes,2.535315,3,Sometimes,1.146595,Overweight_Level_II
no,2,3,Sometimes,2.976229,Overweight_Level_II
yes,2.765769,3,Sometimes,2.845134,Overweight_Level_II
yes,2.215464,2.116195,Sometimes,1.80996,Overweight_Level_II
yes,3,2.049908,Sometimes,1.999882,Overweight_Level_II
yes,2,3,Sometimes,3,Overweight_Level_II
yes,2,1.044628,Sometimes,2.01051,Overweight_Level_II
yes,2.63165,2.98212,Sometimes,2.778587,Overweight_Level_II
yes,2,1.009426,Sometimes,2.136398,Overweight_Level_II
no,2.942154,2.667711,Sometimes,2.184768,Overweight_Level_II
no,3,3.000974,Sometimes,2,Overweight_Level_II
yes,2,2.698883,Sometimes,2.035104,Overweight_Level_II
yes,2.716909,2.598079,Sometimes,2.90545,Overweight_Level_II
no,1.83746,3,Sometimes,2,Overweight_Level_II
no,1.936479,2.837388,Sometimes,2.159987,Overweight_Level_II
yes,2.045027,2.946063,Sometimes,1.307563,Overweight_Level_II
yes,2.760607,1,Sometimes,1.336378,Overweight_Level_II
yes,2.09449,1.873484,Sometimes,2,Overweight_Level_II
yes,2,2.473911,Sometimes,2.452789,Overweight_Level_II
yes,2.907062,3,Sometimes,2.740848,Overweight_Level_II
yes,2,1.79558,Sometimes,1.855054,Overweight_Level_II
yes,2.399531,2.623079,Sometimes,2.535127,Overweight_Level_II
yes,1.521604,2.174968,Sometimes,2,Overweight_Level_II
yes,2,2.676148,Sometimes,2.083939,Overweight_Level_II
no,2.501683,3.394788,Sometimes,1.337378,Overweight_Level_II
yes,2,3,Sometimes,1.992548,Overweight_Level_II
yes,2.76802,2.137068,Sometimes,1.873591,Overweight_Level_II
yes,2.742796,2.937607,Sometimes,1.99467,Overweight_Level_II
yes,2.325623,1.313403,Sometimes,1.94609,Overweight_Level_II
yes,2.076689,3,Sometimes,1.026729,Overweight_Level_II
yes,3,3,Sometimes,2.045069,Obesity_Type_I
yes,3,3,Sometimes,2.509147,Obesity_Type_I
yes,2.271306,3,Sometimes,1.771198,Obesity_Type_I
yes,2.33361,2.113575,Sometimes,2.504136,Obesity_Type_I
yes,2.13683,2.092179,Sometimes,1.505381,Obesity_Type_I
yes,2,1,Sometimes,2,Obesity_Type_I
yes,2.909853,1,Sometimes,2,Obesity_Type_I
yes,2.490507,2.974204,Sometimes,1.846754,Obesity_Type_I
yes,1.063449,1,Sometimes,2,Obesity_Type_I
yes,2.699282,1,Sometimes,2.598632,Obesity_Type_I
yes,2,3,Sometimes,2.843675,Obesity_Type_I
yes,2.4277,1.001633,Sometimes,3,Obesity_Type_I
yes,2.87599,1.2919,Sometimes,2.777712,Obesity_Type_I
yes,2.177243,3,Sometimes,2.715572,Obesity_Type_I
yes,2,3,Sometimes,1.630528,Obesity_Type_I
yes,2,3,Sometimes,2.287248,Obesity_Type_I
yes,2,3,Sometimes,3,Obesity_Type_I
yes,3,1,Sometimes,3,Obesity_Type_I
yes,3,3,Sometimes,1,Obesity_Type_I
yes,3,3,Sometimes,1.776991,Obesity_Type_I
yes,2,3,Sometimes,1.406115,Obesity_Type_I
yes,2,3,Sometimes,1.530493,Obesity_Type_I
yes,2.846452,1.139317,Sometimes,1.459511,Obesity_Type_I
yes,2.19011,2.029858,Sometimes,2.348981,Obesity_Type_I
yes,2,3,Sometimes,2,Obesity_Type_I
yes,2,3,Sometimes,2.680292,Obesity_Type_I
yes,2,3,Sometimes,3,Obesity_Type_I
yes,2,2.977543,Sometimes,2.205977,Obesity_Type_I
yes,2.069267,1.476204,Sometimes,3,Obesity_Type_I
yes,1.362441,2.57038,Sometimes,2.166228,Obesity_Type_I
yes,2.09663,2.879541,Sometimes,2.432967,Obesity_Type_I
yes,2.928234,1.458507,Sometimes,2.777379,Obesity_Type_I
yes,2,1.105617,Sometimes,1.372811,Obesity_Type_I
yes,2,3,Sometimes,1,Obesity_Type_I
yes,2,3,Sometimes,3,Obesity_Type_I
yes,2,1,Sometimes,2,Obesity_Type_I
yes,2,3,Sometimes,1.689793,Obesity_Type_I
yes,2,3,Sometimes,2.771469,Obesity_Type_I
yes,2,1,Sometimes,2,Obesity_Type_I
yes,2,3,Sometimes,1.155384,Obesity_Type_I
yes,2,1.854536,Sometimes,2.160169,Obesity_Type_I
yes,2.496455,3,Sometimes,1.850344,Obesity_Type_I
yes,1.70825,3,Sometimes,1,Obesity_Type_I
yes,2.262171,3,Sometimes,2.03415,Obesity_Type_I
yes,2.740633,3,Sometimes,2.081005,Obesity_Type_I
yes,2,3,Sometimes,1.608128,Obesity_Type_I
yes,2,3,Sometimes,2.715252,Obesity_Type_I
yes,2,1.08687,Sometimes,2.279124,Obesity_Type_I
yes,2,1.25535,Sometimes,2.497065,Obesity_Type_I
yes,1.081585,2.870661,Sometimes,1.11756,Obesity_Type_I
yes,2.587789,1.482103,Sometimes,1.911664,Obesity_Type_I
yes,2.252653,3,Sometimes,2.962371,Obesity_Type_I
yes,2,3,Sometimes,3,Obesity_Type_I
yes,2,3,Sometimes,3,Obesity_Type_I
yes,2.036613,1.81698,Sometimes,1.93059,Obesity_Type_I
yes,2,2.582591,Sometimes,1.535134,Obesity_Type_I
yes,2,3,Sometimes,2,Obesity_Type_I
yes,2,3,Sometimes,2.102976,Obesity_Type_I
yes,2,3,Sometimes,2.091934,Obesity_Type_I
yes,2,2.164839,Sometimes,2.094479,Obesity_Type_I
yes,2,2.141839,Sometimes,2.939847,Obesity_Type_I
yes,2,2.877583,Sometimes,2.358038,Obesity_Type_I
yes,2.609123,3,Sometimes,1.955053,Obesity_Type_I
yes,1.036159,3,Sometimes,1,Obesity_Type_I
yes,1.851262,3,Sometimes,2.11267,Obesity_Type_I
yes,2,3,Sometimes,1.051735,Obesity_Type_I
yes,2,2.95833,Sometimes,2,Obesity_Type_I
yes,2,2.119826,Sometimes,2,Obesity_Type_I
yes,2.501236,3,Sometimes,1.220331,Obesity_Type_I
yes,2,3,Sometimes,3,Obesity_Type_I
yes,3,3,Sometimes,2.925029,Obesity_Type_I
yes,3,3,Sometimes,2.858171,Obesity_Type_I
yes,2.031185,2.992606,Sometimes,2.852254,Obesity_Type_I
yes,2.014194,2.050121,Sometimes,2.184707,Obesity_Type_I
yes,2.028225,1.923607,Sometimes,1.798917,Obesity_Type_I
yes,2,1,Sometimes,2,Obesity_Type_I
yes,2.81646,2.27374,Sometimes,1.722063,Obesity_Type_I
yes,2.037585,1.418985,Sometimes,1.827351,Obesity_Type_I
yes,1.853314,1.320768,Sometimes,2.135552,Obesity_Type_I
yes,1.00876,1,Sometimes,2,Obesity_Type_I
yes,2,3,Sometimes,1.490613,Obesity_Type_I
yes,2,3,Sometimes,2.02127,Obesity_Type_I
yes,2.103335,2.964024,Sometimes,3,Obesity_Type_I
yes,2,3,Sometimes,3,Obesity_Type_I
yes,2.060922,2.933409,Sometimes,2.235282,Obesity_Type_I
yes,2.058687,2.962004,Sometimes,2.010596,Obesity_Type_I
yes,2,3,Sometimes,1.274774,Obesity_Type_I
yes,2.533605,1.271624,Sometimes,1.893691,Obesity_Type_I
yes,2,3,Sometimes,3,Obesity_Type_I
yes,2,3,Sometimes,3,Obesity_Type_I
yes,2.457547,1.00061,Sometimes,3,Obesity_Type_I
yes,2.983851,1.068443,Sometimes,2.854161,Obesity_Type_I
yes,2.954996,3,Sometimes,1,Obesity_Type_I
yes,2.061969,3,Sometimes,1.229171,Obesity_Type_I
yes,3,3,Sometimes,1.163264,Obesity_Type_I
yes,3,3,Sometimes,1.271178,Obesity_Type_I
yes,2,3,Sometimes,2.117346,Obesity_Type_I
yes,2,3,Sometimes,2.952506,Obesity_Type_I
yes,2,3,Sometimes,1.746197,Obesity_Type_I
yes,2,3,Sometimes,1.249307,Obesity_Type_I
yes,2.450784,2.952821,Sometimes,1.335192,Obesity_Type_I
yes,2.972426,3,Sometimes,1.636326,Obesity_Type_I
yes,2.467002,1.851088,Sometimes,2.104054,Obesity_Type_I
yes,2.934671,2.119682,Sometimes,2.041462,Obesity_Type_I
yes,2,2.970675,Sometimes,2,Obesity_Type_I
yes,2,2.966803,Sometimes,2,Obesity_Type_I
yes,2.903545,1.508685,Sometimes,2.450069,Obesity_Type_I
yes,2.043359,2.209314,Sometimes,2.785804,Obesity_Type_I
yes,2,3,Sometimes,2.973729,Obesity_Type_I
yes,2,3,Sometimes,2.988771,Obesity_Type_I
yes,2.787589,1.114564,Sometimes,3,Obesity_Type_I
yes,2.39728,2.036794,Sometimes,2.659419,Obesity_Type_I
yes,2.150054,2.988539,Sometimes,2.768325,Obesity_Type_I
yes,2.977585,1.630506,Sometimes,2.839319,Obesity_Type_I
yes,2.274491,1,Sometimes,2.2695,Obesity_Type_I
yes,1.557287,1,Sometimes,2.371015,Obesity_Type_I
yes,2.152264,2.977999,Sometimes,1.513199,Obesity_Type_I
yes,2,3,Sometimes,1.326165,Obesity_Type_I
yes,2.08841,2.644692,Sometimes,2.773236,Obesity_Type_I
yes,2.180047,2.733077,Sometimes,2.77962,Obesity_Type_I
yes,2,1,Sometimes,2,Obesity_Type_I
yes,2,1,Sometimes,2,Obesity_Type_I
yes,2,3,Sometimes,2,Obesity_Type_I
yes,2,3,Sometimes,2,Obesity_Type_I
yes,1.826885,1,Sometimes,2,Obesity_Type_I
yes,1.754401,1,Sometimes,2,Obesity_Type_I
yes,2,2.427137,Sometimes,2.574073,Obesity_Type_I
yes,2,3,Sometimes,3,Obesity_Type_I
yes,1.524428,3,Sometimes,1.383831,Obesity_Type_I
yes,1.164062,3,Sometimes,1.157395,Obesity_Type_I
yes,2.123159,3,Sometimes,2.415343,Obesity_Type_I
yes,2,3,Sometimes,2.745242,Obesity_Type_I
yes,2.259679,3,Sometimes,1.026143,Obesity_Type_I
yes,2.044326,3,Sometimes,2.35818,Obesity_Type_I
yes,2,1.867836,Sometimes,2.438398,Obesity_Type_I
yes,2,1.548407,Sometimes,2.191401,Obesity_Type_I
yes,2.843456,2.937989,Sometimes,1.001995,Obesity_Type_I
yes,2.864776,3,Sometimes,1.876915,Obesity_Type_I
yes,2.871137,3,Sometimes,2.627569,Obesity_Type_I
yes,2.282803,3,Sometimes,2.104264,Obesity_Type_I
yes,2,3,Sometimes,3,Obesity_Type_I
yes,2,3,Sometimes,3,Obesity_Type_I
yes,2.020502,1.237454,Sometimes,1.93142,Obesity_Type_I
yes,2.020785,1.169173,Sometimes,1.972551,Obesity_Type_I
yes,2,2.391753,Sometimes,2,Obesity_Type_I
yes,2,3,Sometimes,2,Obesity_Type_I
yes,2,3,Sometimes,1.084442,Obesity_Type_I
yes,2,3,Sometimes,1,Obesity_Type_I
yes,2,2.475444,Sometimes,2.655795,Obesity_Type_I
yes,2,2.478794,Sometimes,2.967064,Obesity_Type_I
yes,2.407817,2.070033,Sometimes,1.796257,Obesity_Type_I
yes,2.21498,2.282392,Sometimes,1.179942,Obesity_Type_I
yes,2.737149,3,Sometimes,1.997195,Obesity_Type_I
yes,1.899793,3,Sometimes,1.439962,Obesity_Type_I
yes,2.274164,1.049534,Sometimes,1.358172,Obesity_Type_I
yes,1.897796,3,Sometimes,1.193039,Obesity_Type_I
yes,2.85916,3,Sometimes,1,Obesity_Type_I
yes,2,3,Sometimes,1.039313,Obesity_Type_I
yes,2,1.66338,Sometimes,2,Obesity_Type_I
yes,2,1.672751,Sometimes,2,Obesity_Type_I
yes,2.340405,3,Sometimes,1.655245,Obesity_Type_I
yes,2.921576,3,Sometimes,1.003636,Obesity_Type_I
yes,2,3,Sometimes,2.793505,Obesity_Type_I
yes,2,3,Sometimes,2.401315,Obesity_Type_I
yes,3,3,Sometimes,2.110611,Obesity_Type_I
yes,3,3,Sometimes,2.480277,Obesity_Type_I
yes,3,3,Sometimes,2.224914,Obesity_Type_I
yes,2.92711,3,Sometimes,2.151496,Obesity_Type_I
yes,2.805533,3,Sometimes,1.882847,Obesity_Type_I
yes,2.902469,1.734762,Sometimes,2.600238,Obesity_Type_I
yes,2.845961,1.92822,Sometimes,2.642273,Obesity_Type_I
yes,2.252698,2.475228,Sometimes,2.923856,Obesity_Type_I
yes,2.02091,2.093831,Sometimes,1.506518,Obesity_Type_I
yes,2.108163,1.231915,Sometimes,1.808127,Obesity_Type_I
yes,1.518966,1,Sometimes,2,Obesity_Type_I
yes,2.260543,1.374791,Sometimes,1.947935,Obesity_Type_I
yes,2.522183,1.326982,Sometimes,1.872673,Obesity_Type_I
yes,2.186322,2.900915,Sometimes,2.471033,Obesity_Type_I
yes,2.76632,1.317884,Sometimes,1.889341,Obesity_Type_I
yes,2.071622,2.977909,Sometimes,1.468297,Obesity_Type_I
yes,1.918251,1.355752,Sometimes,1.998108,Obesity_Type_I
yes,1.967061,1,Sometimes,2.548651,Obesity_Type_I
yes,2.964419,1,Sometimes,2.977516,Obesity_Type_I
yes,2.640801,1.015488,Sometimes,2.022355,Obesity_Type_I
yes,2,2.986172,Sometimes,2.364208,Obesity_Type_I
yes,2,2.993623,Sometimes,2.326635,Obesity_Type_I
yes,2.870152,1.001383,Sometimes,3,Obesity_Type_I
yes,2.482575,1.001542,Sometimes,3,Obesity_Type_I
yes,2.290095,2.590283,Sometimes,2.506296,Obesity_Type_I
yes,2.074843,1.773916,Sometimes,2.428271,Obesity_Type_I
yes,2.14128,2.989112,Sometimes,2.519841,Obesity_Type_I
yes,2.334474,1.496776,Sometimes,2.776724,Obesity_Type_I
yes,2,3,Sometimes,1.186996,Obesity_Type_I
yes,2,2.994046,Sometimes,1.603549,Obesity_Type_I
yes,2,3,Sometimes,2.133469,Obesity_Type_I
yes,2,3,Sometimes,2.183149,Obesity_Type_I
yes,2,3,Sometimes,3,Obesity_Type_I
yes,2,3,Sometimes,3,Obesity_Type_I
yes,2.693859,1.000283,Sometimes,3,Obesity_Type_I
yes,2.607747,1.000414,Sometimes,3,Obesity_Type_I
yes,2.66889,3,Sometimes,1.172593,Obesity_Type_I
yes,3,3,Sometimes,1,Obesity_Type_I
yes,3,3,Sometimes,1.911379,Obesity_Type_I
yes,2.921225,3,Sometimes,2.869439,Obesity_Type_I
yes,2,3,Sometimes,1.572371,Obesity_Type_I
yes,2,3,Sometimes,1.440629,Obesity_Type_I
yes,1.492834,3,Sometimes,1.005367,Obesity_Type_I
yes,1.220024,3,Sometimes,1.046254,Obesity_Type_I
yes,2.667676,1.135278,Sometimes,1.399629,Obesity_Type_I
yes,2.569075,2.463113,Sometimes,1.567366,Obesity_Type_I
yes,2.949242,1.782109,Sometimes,2.210997,Obesity_Type_I
yes,2.104772,2.376374,Sometimes,2.218691,Obesity_Type_I
yes,2,2.976098,Sometimes,2,Obesity_Type_I
yes,2,2.968098,Sometimes,2,Obesity_Type_I
yes,2.871768,1.792695,Sometimes,2.691322,Obesity_Type_I
yes,2.540949,1.116401,Sometimes,2.929123,Obesity_Type_I
yes,2,3,Sometimes,2.530301,Obesity_Type_I
yes,2,3,Sometimes,3,Obesity_Type_I
yes,2,2.984523,Sometimes,2.263551,Obesity_Type_I
yes,2,2.978103,Sometimes,2.668261,Obesity_Type_I
yes,2.222282,1.578751,Sometimes,2.791604,Obesity_Type_I
yes,2.04516,1.874532,Sometimes,2.856521,Obesity_Type_I
yes,2.094184,2.735706,Sometimes,2.257922,Obesity_Type_I
yes,1.123672,1.014916,Sometimes,2.042078,Obesity_Type_I
yes,2.049112,2.622055,Sometimes,2.280555,Obesity_Type_I
yes,1.880534,2.806566,Sometimes,2.313245,Obesity_Type_I
yes,1.203754,1.355354,Sometimes,2.765593,Obesity_Type_I
yes,2.73691,1.478334,Sometimes,2.677409,Obesity_Type_I
yes,2.736628,1.130751,Sometimes,1.385175,Obesity_Type_I
yes,2,1.099151,Sometimes,1.687611,Obesity_Type_I
yes,2,3,Sometimes,1,Obesity_Type_I
yes,2,3,Sometimes,1.095134,Obesity_Type_I
yes,2,3,Sometimes,3,Obesity_Type_I
yes,2,3,Sometimes,3,Obesity_Type_I
yes,2,1,Sometimes,2,Obesity_Type_I
yes,2,1,Sometimes,2,Obesity_Type_I
yes,2,3,Sometimes,1.618189,Obesity_Type_I
yes,2.121909,3,Sometimes,2.500556,Obesity_Type_I
yes,2,3,Sometimes,2.714091,Obesity_Type_I
yes,2,3,Sometimes,2.697661,Obesity_Type_I
yes,2,1,Sometimes,2,Obesity_Type_I
yes,2,1,Sometimes,2,Obesity_Type_I
yes,2,3,Sometimes,2.290368,Obesity_Type_I
yes,2,3,Sometimes,1.025275,Obesity_Type_I
yes,2,2.358455,Sometimes,2.515765,Obesity_Type_I
yes,2,1.706551,Sometimes,2.039514,Obesity_Type_I
yes,2.642744,3,Sometimes,1.904054,Obesity_Type_I
yes,2.387426,3,Sometimes,1.77962,Obesity_Type_I
yes,1.996638,3,Sometimes,1.033199,Obesity_Type_I
yes,2.107854,3,Sometimes,1.383894,Obesity_Type_I
yes,2.253707,3,Sometimes,2.524432,Obesity_Type_I
yes,2.393837,3,Sometimes,2.01499,Obesity_Type_I
yes,2.348745,3,Sometimes,2.096751,Obesity_Type_I
yes,2.312825,3,Sometimes,2.073497,Obesity_Type_I
yes,2,3,Sometimes,1.234943,Obesity_Type_I
yes,2,3,Sometimes,1.613829,Obesity_Type_I
yes,2.490776,3,Sometimes,2.654517,Obesity_Type_I
yes,2.078082,3,Sometimes,2.895614,Obesity_Type_I
yes,2,1.24884,Sometimes,2.416213,Obesity_Type_I
yes,2,1.250548,Sometimes,2.121176,Obesity_Type_I
yes,2,1.202179,Sometimes,2.36293,Obesity_Type_I
yes,2,1.194815,Sometimes,2.434832,Obesity_Type_I
yes,2.805512,2.880817,Sometimes,1.001307,Obesity_Type_I
yes,1.276858,2.918124,Sometimes,1.403784,Obesity_Type_I
yes,2.396265,1.073421,Sometimes,1.979833,Obesity_Type_I
yes,2.663866,1.416309,Sometimes,2.379275,Obesity_Type_I
yes,2.685484,3,Sometimes,2.649459,Obesity_Type_I
yes,2.055209,3,Sometimes,2.885852,Obesity_Type_I
yes,2,2.18162,Sometimes,2.325091,Obesity_Type_I
yes,2,2.152733,Sometimes,2.53369,Obesity_Type_I
yes,2,3,Sometimes,3,Obesity_Type_I
yes,2,3,Sometimes,3,Obesity_Type_I
yes,2.025479,1.046144,Sometimes,1.941224,Obesity_Type_I
yes,2.002564,1.974233,Sometimes,1.935398,Obesity_Type_I
yes,2,2.880794,Sometimes,1.61837,Obesity_Type_I
yes,2,2.765213,Sometimes,1.551266,Obesity_Type_I
yes,2,2.967089,Sometimes,2,Obesity_Type_I
yes,2,3,Sometimes,2,Obesity_Type_I
yes,2,3,Sometimes,1.440526,Obesity_Type_I
yes,2,3,Sometimes,1.759803,Obesity_Type_I
yes,2,3,Sometimes,2.090413,Obesity_Type_I
yes,2,3,Sometimes,2.806922,Obesity_Type_I
yes,2,2.37985,Sometimes,2.616138,Obesity_Type_I
yes,2,2.655265,Sometimes,2.297896,Obesity_Type_I
yes,2,1.941307,Sometimes,2.708168,Obesity_Type_I
yes,2,1.709546,Sometimes,2.530157,Obesity_Type_I
yes,2.385502,2.883984,Sometimes,2.140544,Obesity_Type_I
yes,2.465575,2.935381,Sometimes,2.480555,Obesity_Type_I
yes,2.818502,3,Sometimes,1.991251,Obesity_Type_I
yes,2.081238,3,Sometimes,1.18363,Obesity_Type_I
yes,1.368978,3,Sometimes,1.953152,Obesity_Type_I
yes,1.712848,3,Sometimes,1.162153,Obesity_Type_I
yes,1.3307,3,Sometimes,1.880967,Obesity_Type_I
yes,1.961069,3,Sometimes,2.652327,Obesity_Type_I
yes,2.976509,3,Sometimes,1.022705,Obesity_Type_I
yes,2.319648,3,Sometimes,1.107164,Obesity_Type_I
yes,2,2.961192,Sometimes,2.623344,Obesity_Type_I
yes,2,2.973476,Sometimes,2,Obesity_Type_I
yes,2,2.392811,Sometimes,2,Obesity_Type_I
yes,2,1.293342,Sometimes,2,Obesity_Type_I
yes,1.261288,2.930044,Sometimes,1.166655,Obesity_Type_I
yes,2.76533,3,Sometimes,1.048584,Obesity_Type_I
yes,2,3,Sometimes,3,Obesity_Type_I
yes,2,3,Sometimes,2.15157,Obesity_Type_I
yes,2.317734,3,Sometimes,2.152736,Obesity_Type_II
yes,1.588114,3,Sometimes,2.115967,Obesity_Type_II
yes,2.549782,3.985442,Sometimes,1,Obesity_Type_II
yes,2.795086,2.129909,Sometimes,1,Obesity_Type_II
yes,2.206276,3,Sometimes,1.813082,Obesity_Type_II
yes,2,3,Sometimes,1.984323,Obesity_Type_II
no,2.18354,3,Sometimes,2.277937,Obesity_Type_II
no,2.962415,3,Sometimes,2.172649,Obesity_Type_II
yes,2.442536,3,Sometimes,2.174371,Obesity_Type_II
yes,1.99124,3,Sometimes,2,Obesity_Type_II
yes,3,3,Sometimes,3,Obesity_Type_II
yes,2.408561,3,Sometimes,2.851904,Obesity_Type_II
yes,2.758394,3,Sometimes,2.174248,Obesity_Type_II
yes,2.956297,3,Sometimes,1.2751,Obesity_Type_II
yes,1.369529,3,Sometimes,2,Obesity_Type_II
yes,1.392665,3,Sometimes,2,Obesity_Type_II
yes,2,2.831771,Sometimes,1.725226,Obesity_Type_II
yes,2.630401,1,Sometimes,1,Obesity_Type_II
yes,3,2.595126,Sometimes,2.054072,Obesity_Type_II
yes,3,2.52751,Sometimes,1.645338,Obesity_Type_II
yes,3,2.120936,Sometimes,1,Obesity_Type_II
yes,2.869778,1.468948,Sometimes,1.656082,Obesity_Type_II
yes,1.868212,3,Sometimes,2.023328,Obesity_Type_II
yes,1.108663,3,Sometimes,2,Obesity_Type_II
yes,2.907744,3.990925,Sometimes,1,Obesity_Type_II
yes,2.95801,2.834253,Sometimes,1,Obesity_Type_II
yes,2.197261,3,Sometimes,1.11184,Obesity_Type_II
yes,2.048962,3,Sometimes,2.822871,Obesity_Type_II
yes,2.139196,3,Sometimes,2.04843,Obesity_Type_II
yes,2.72989,3,Sometimes,2.030084,Obesity_Type_II
yes,2,3,Sometimes,2,Obesity_Type_II
yes,1.994679,3,Sometimes,2,Obesity_Type_II
yes,2.403421,3,Sometimes,2.490613,Obesity_Type_II
yes,3,3,Sometimes,3,Obesity_Type_II
yes,2.758394,3,Sometimes,2.161303,Obesity_Type_II
yes,2.964319,3,Sometimes,2.377257,Obesity_Type_II
yes,1.617093,3,Sometimes,2,Obesity_Type_II
yes,1.631144,3,Sometimes,2,Obesity_Type_II
yes,2.317459,3.734323,Sometimes,1,Obesity_Type_II
yes,2.501224,2.049565,Sometimes,1,Obesity_Type_II
yes,3,2.272214,Sometimes,1.555534,Obesity_Type_II
yes,3,2.218285,Sometimes,1.340117,Obesity_Type_II
yes,3,1.418833,Sometimes,1,Obesity_Type_II
yes,2.983042,1.109956,Sometimes,1.430444,Obesity_Type_II
yes,2.323351,3,Sometimes,2.165048,Obesity_Type_II
yes,1.428289,3,Sometimes,2.117733,Obesity_Type_II
yes,1.992889,3,Sometimes,2.141271,Obesity_Type_II
yes,1.562804,3,Sometimes,2.075493,Obesity_Type_II
yes,1.794825,3.914454,Sometimes,1.972016,Obesity_Type_II
yes,2.305349,3.169089,Sometimes,1.02161,Obesity_Type_II
yes,2.576449,2.419656,Sometimes,1,Obesity_Type_II
yes,2.754645,2.175432,Sometimes,1.541733,Obesity_Type_II
yes,2.633855,3,Sometimes,1.619305,Obesity_Type_II
yes,2.200588,3,Sometimes,1.295697,Obesity_Type_II
yes,2.499108,3,Sometimes,2.040952,Obesity_Type_II
yes,2.05687,3,Sometimes,2.358088,Obesity_Type_II
yes,2.247795,3,Sometimes,2.816015,Obesity_Type_II
yes,2.239634,3,Sometimes,2.684264,Obesity_Type_II
yes,2.09283,3,Sometimes,2.077704,Obesity_Type_II
yes,2.9673,3,Sometimes,2.530035,Obesity_Type_II
yes,2.225731,3,Sometimes,2.154326,Obesity_Type_II
yes,2.178308,3,Sometimes,2.165804,Obesity_Type_II
yes,2.065752,3,Sometimes,2.078297,Obesity_Type_II
yes,2.263245,3,Sometimes,2.092509,Obesity_Type_II
yes,2.443538,3,Sometimes,2.939492,Obesity_Type_II
yes,2.744994,3,Sometimes,2.478838,Obesity_Type_II
yes,2.630137,2.806298,Sometimes,1.970508,Obesity_Type_II
yes,2.113843,3,Sometimes,2.316069,Obesity_Type_II
yes,2.821727,3,Sometimes,2.173279,Obesity_Type_II
yes,2.312528,3,Sometimes,2.208068,Obesity_Type_II
yes,2.938801,3,Sometimes,1.478994,Obesity_Type_II
yes,2.050619,3,Sometimes,1.515183,Obesity_Type_II
yes,1.457758,3,Sometimes,2.020249,Obesity_Type_II
yes,2.19331,3,Sometimes,2.089983,Obesity_Type_II
yes,2.028571,3,Sometimes,2.530428,Obesity_Type_II
yes,1.455602,3,Sometimes,2.363307,Obesity_Type_II
yes,2.177896,2.987652,Sometimes,1.745095,Obesity_Type_II
yes,2.252382,2.842848,Sometimes,1.879381,Obesity_Type_II
yes,2.668949,1.134321,Sometimes,1.279443,Obesity_Type_II
yes,2.723953,1.924168,Sometimes,1,Obesity_Type_II
yes,3,2.701689,Sometimes,2.738485,Obesity_Type_II
yes,2.736298,2.992903,Sometimes,2.045561,Obesity_Type_II
yes,2.722161,2.658837,Sometimes,2.375707,Obesity_Type_II
yes,2.971574,2.80742,Sometimes,1.962646,Obesity_Type_II
yes,2.871016,1.834472,Sometimes,1.016585,Obesity_Type_II
yes,2.96405,2.123138,Sometimes,1,Obesity_Type_II
yes,2.653721,1.265463,Sometimes,1.368457,Obesity_Type_II
yes,2.859097,1.340361,Sometimes,1.530508,Obesity_Type_II
yes,1.572036,3,Sometimes,2.003563,Obesity_Type_II
yes,1.387489,3,Sometimes,2.017712,Obesity_Type_II
yes,2.941929,3.989492,Sometimes,1.014135,Obesity_Type_II
yes,2.973569,2.650088,Sometimes,1.003063,Obesity_Type_II
yes,2.041376,3,Sometimes,1.120213,Obesity_Type_II
yes,2.02472,3,Sometimes,1.800335,Obesity_Type_II
yes,2.133964,3,Sometimes,2.008361,Obesity_Type_II
yes,2.702457,3,Sometimes,2.005194,Obesity_Type_II
yes,1.760038,3,Sometimes,2.003531,Obesity_Type_II
yes,1.996646,3,Sometimes,2,Obesity_Type_II
yes,2.644094,3,Sometimes,2.740525,Obesity_Type_II
yes,2.475892,3,Sometimes,2.949356,Obesity_Type_II
yes,2.941627,3,Sometimes,2.318134,Obesity_Type_II
yes,2.998441,3,Sometimes,2.462916,Obesity_Type_II
yes,2.397284,2.89292,Sometimes,1.983973,Obesity_Type_II
yes,2.382705,2.938902,Sometimes,1.999278,Obesity_Type_II
yes,2.176317,2.986637,Sometimes,1.015672,Obesity_Type_II
yes,2,2.701521,Sometimes,1.142644,Obesity_Type_II
yes,3,2.014671,Sometimes,1.292786,Obesity_Type_II
yes,3,1.971659,Sometimes,1.179254,Obesity_Type_II
yes,2.877743,1.311797,Sometimes,1.000463,Obesity_Type_II
yes,3,1.262831,Sometimes,1,Obesity_Type_II
yes,2.303041,3,Sometimes,2.065817,Obesity_Type_II
yes,2.323003,3,Sometimes,2.155558,Obesity_Type_II
yes,1.99953,3,Sometimes,2.111908,Obesity_Type_II
yes,1.585183,3,Sometimes,2.101841,Obesity_Type_II
yes,2.281963,3.770379,Sometimes,1,Obesity_Type_II
yes,2.561638,2.87747,Sometimes,1,Obesity_Type_II
yes,2.600217,2.175153,Sometimes,1,Obesity_Type_II
yes,2.79166,2.13229,Sometimes,1.254589,Obesity_Type_II
yes,2.08868,3,Sometimes,1.520215,Obesity_Type_II
yes,2.206119,3,Sometimes,1.483856,Obesity_Type_II
yes,2.328469,3,Sometimes,2.001208,Obesity_Type_II
yes,2.002784,3,Sometimes,2.292906,Obesity_Type_II
yes,1.975675,3,Sometimes,2.357969,Obesity_Type_II
yes,2.002076,3,Sometimes,2.338373,Obesity_Type_II
yes,2.218599,3,Sometimes,2.104337,Obesity_Type_II
yes,2.9673,3,Sometimes,2.530035,Obesity_Type_II
yes,2.392179,3,Sometimes,2.16467,Obesity_Type_II
yes,2.381164,3,Sometimes,2.170225,Obesity_Type_II
yes,2.008245,3,Sometimes,2.040137,Obesity_Type_II
yes,2.155182,3,Sometimes,2.049079,Obesity_Type_II
yes,2.969233,3,Sometimes,2.807984,Obesity_Type_II
yes,2.765063,3,Sometimes,2.867206,Obesity_Type_II
yes,2.630137,3,Sometimes,2.960088,Obesity_Type_II
yes,2.195964,3,Sometimes,2.514872,Obesity_Type_II
yes,2.619987,3,Sometimes,2.194746,Obesity_Type_II
yes,2.918113,3,Sometimes,2.240463,Obesity_Type_II
yes,2.889485,3,Sometimes,1.279771,Obesity_Type_II
yes,2.939727,3,Sometimes,1.344122,Obesity_Type_II
yes,1.264234,3,Sometimes,2,Obesity_Type_II
yes,1.517912,3,Sometimes,2.038958,Obesity_Type_II
yes,2.23372,2.993634,Sometimes,2.028368,Obesity_Type_II
yes,1.475906,2.999346,Sometimes,2.01943,Obesity_Type_II
yes,2.032883,2.976211,Sometimes,1.726109,Obesity_Type_II
yes,2.046651,2.842035,Sometimes,1.732072,Obesity_Type_II
yes,2.667229,1.09749,Sometimes,1.225958,Obesity_Type_II
yes,2.819934,1.91863,Sometimes,1,Obesity_Type_II
yes,3,2.510135,Sometimes,1.693362,Obesity_Type_II
yes,2.954417,2.65772,Sometimes,2.104696,Obesity_Type_II
yes,2.826251,2.604998,Sometimes,1.842173,Obesity_Type_II
yes,3,2.567567,Sometimes,2.011023,Obesity_Type_II
yes,2.95841,2.434347,Sometimes,1,Obesity_Type_II
yes,2.935157,1.845858,Sometimes,1,Obesity_Type_II
yes,2.870895,1.627555,Sometimes,1.375728,Obesity_Type_II
yes,2.869833,1.569176,Sometimes,1.533682,Obesity_Type_II
yes,1.878251,3,Sometimes,2.022933,Obesity_Type_II
yes,1.750809,3,Sometimes,2.002871,Obesity_Type_II
yes,1.168856,3,Sometimes,2.013205,Obesity_Type_II
yes,1.443674,3,Sometimes,2.002194,Obesity_Type_II
yes,2.826036,2.371658,Sometimes,1,Obesity_Type_II
yes,2.9553,2.378211,Sometimes,1,Obesity_Type_II
yes,2.774562,2.301129,Sometimes,1,Obesity_Type_II
yes,2.772027,2.454432,Sometimes,1,Obesity_Type_II
yes,2.499626,3,Sometimes,1.125338,Obesity_Type_II
yes,2.108638,3,Sometimes,1.014876,Obesity_Type_II
yes,2.467548,3,Sometimes,2.66029,Obesity_Type_II
yes,2.585942,3,Sometimes,2.302506,Obesity_Type_II
yes,2.14961,3,Sometimes,2.133876,Obesity_Type_II
yes,2.938616,3,Sometimes,2.06039,Obesity_Type_II
yes,2.535154,2.915921,Sometimes,1.8924,Obesity_Type_II
yes,2.611222,2.992083,Sometimes,1.796376,Obesity_Type_II
yes,1.800122,3,Sometimes,2,Obesity_Type_II
yes,1.482722,3,Sometimes,2,Obesity_Type_II
yes,1.735664,3,Sometimes,2.041536,Obesity_Type_II
yes,1.655684,3,Sometimes,2,Obesity_Type_II
yes,2.598207,2.849347,Sometimes,2.006167,Obesity_Type_II
yes,2.225149,3,Sometimes,2.357978,Obesity_Type_II
yes,3,3,Sometimes,3,Obesity_Type_II
yes,3,3,Sometimes,3,Obesity_Type_II
yes,2.519592,3,Sometimes,2.229145,Obesity_Type_II
yes,2.111887,3,Sometimes,2.357373,Obesity_Type_II
yes,2.970983,3,Sometimes,2.828861,Obesity_Type_II
yes,2.907542,3,Sometimes,2.284494,Obesity_Type_II
yes,1.451337,3,Sometimes,2,Obesity_Type_II
yes,1.537505,3,Sometimes,2,Obesity_Type_II
yes,1.893428,3,Sometimes,2,Obesity_Type_II
yes,2.007845,2.954446,Sometimes,1.968796,Obesity_Type_II
yes,2.487781,3.755976,Sometimes,1,Obesity_Type_II
yes,2.541785,2.902639,Sometimes,1,Obesity_Type_II
yes,2.813775,2.372705,Sometimes,1,Obesity_Type_II
yes,2.562687,2.100918,Sometimes,1.458545,Obesity_Type_II
yes,3,2.272801,Sometimes,1.560064,Obesity_Type_II
yes,2.922511,2.692889,Sometimes,1.809531,Obesity_Type_II
yes,3,2.280545,Sometimes,1.591597,Obesity_Type_II
yes,2.836055,2.675411,Sometimes,1.711666,Obesity_Type_II
yes,2.880759,1.487674,Sometimes,1.01378,Obesity_Type_II
yes,3,1.02075,Sometimes,1,Obesity_Type_II
yes,2.766441,1.240424,Sometimes,1.413218,Obesity_Type_II
yes,2.997524,1.154318,Sometimes,1.238057,Obesity_Type_II
yes,2.320201,3,Sometimes,2.164784,Obesity_Type_II
yes,2.181057,3,Sometimes,2.08554,Obesity_Type_II
yes,1.924632,3,Sometimes,2.006595,Obesity_Type_II
yes,1.397468,3,Sometimes,2.01897,Obesity_Type_II
yes,2.191429,3,Sometimes,2.102709,Obesity_Type_II
yes,2.100177,3,Sometimes,2.099687,Obesity_Type_II
yes,2.075321,3,Sometimes,2.144838,Obesity_Type_II
yes,1.626369,3,Sometimes,2.109697,Obesity_Type_II
yes,1.263216,3.219347,Sometimes,1.981782,Obesity_Type_II
yes,1.067909,3.656401,Sometimes,1.98459,Obesity_Type_II
yes,2.310751,3.220181,Sometimes,1.006643,Obesity_Type_II
yes,2.294259,2.850948,Sometimes,1.87029,Obesity_Type_II
yes,2.57649,2.187145,Sometimes,1.38107,Obesity_Type_II
yes,2.679664,2.415522,Sometimes,1,Obesity_Type_II
yes,2.938687,2.138375,Sometimes,1.251715,Obesity_Type_II
yes,2.654792,1.077331,Sometimes,1.345407,Obesity_Type_II
yes,2.731368,3,Sometimes,1.486824,Obesity_Type_II
yes,2.22259,3,Sometimes,1.591909,Obesity_Type_II
yes,2.432355,3,Sometimes,1.336526,Obesity_Type_II
yes,2.497548,3,Sometimes,1.362583,Obesity_Type_II
yes,2.671238,3,Sometimes,2.145368,Obesity_Type_II
yes,2.57691,3,Sometimes,2.080187,Obesity_Type_II
yes,2.341999,3,Sometimes,2.299878,Obesity_Type_II
yes,2.117121,3,Sometimes,2.193008,Obesity_Type_II
yes,2.247037,3,Sometimes,2.718408,Obesity_Type_II
yes,2.244654,3,Sometimes,2.795752,Obesity_Type_II
yes,2.128574,3,Sometimes,2.531984,Obesity_Type_II
yes,2.068834,3,Sometimes,2.543841,Obesity_Type_II
yes,2.073224,3,Sometimes,2.024035,Obesity_Type_II
yes,2.145114,2.888193,Sometimes,2.038128,Obesity_Type_II
yes,2.997951,3,Sometimes,2.715856,Obesity_Type_II
yes,2.911312,3,Sometimes,2.501808,Obesity_Type_II
yes,2.159033,3,Sometimes,2.116399,Obesity_Type_II
yes,2.175276,3,Sometimes,2.128176,Obesity_Type_II
yes,2.21965,3,Sometimes,2.165408,Obesity_Type_II
yes,2.203962,3,Sometimes,2.15687,Obesity_Type_II
yes,1.947495,3,Sometimes,2.042073,Obesity_Type_II
yes,2.262292,3,Sometimes,2.115354,Obesity_Type_II
yes,2.219186,3,Sometimes,2.092326,Obesity_Type_II
yes,2.314175,3,Sometimes,2.151809,Obesity_Type_II
yes,2.423291,3,Sometimes,2.902682,Obesity_Type_II
yes,2.637202,3,Sometimes,2.966647,Obesity_Type_II
yes,2.974006,3,Sometimes,2.565828,Obesity_Type_II
yes,2.347942,3,Sometimes,2.730663,Obesity_Type_II
yes,2.654076,2.574108,Sometimes,1.78471,Obesity_Type_II
yes,2.739,2.740492,Sometimes,1.824561,Obesity_Type_II
yes,2.591292,2.956422,Sometimes,2.31083,Obesity_Type_II
yes,2.611847,2.749334,Sometimes,2.364849,Obesity_Type_II
yes,2.766612,3,Sometimes,2.173417,Obesity_Type_II
yes,2.777165,3,Sometimes,2.106861,Obesity_Type_II
yes,2.232836,3,Sometimes,2.146398,Obesity_Type_II
yes,2.571274,3,Sometimes,2.224164,Obesity_Type_II
yes,2.49619,3,Sometimes,1.662117,Obesity_Type_II
yes,2.151335,3,Sometimes,1.491169,Obesity_Type_II
yes,2.01695,3,Sometimes,1.83412,Obesity_Type_II
yes,2.927187,3,Sometimes,1.508796,Obesity_Type_II
yes,1.412566,3,Sometimes,2.002495,Obesity_Type_II
yes,1.289315,3,Sometimes,2.007348,Obesity_Type_II
yes,1.624366,3,Sometimes,2.081719,Obesity_Type_II
yes,1.528331,3,Sometimes,2.079353,Obesity_Type_II
yes,2.037042,3,Sometimes,2.43699,Obesity_Type_II
yes,2.191108,2.993856,Sometimes,2.444917,Obesity_Type_II
yes,1.431346,3,Sometimes,2.098959,Obesity_Type_II
yes,1.84199,3,Sometimes,2.503244,Obesity_Type_II
yes,2.13683,2.993084,Sometimes,1.885926,Obesity_Type_II
yes,2.499388,2.989791,Sometimes,1.959777,Obesity_Type_II
yes,2.230742,2.920373,Sometimes,1.831187,Obesity_Type_II
yes,2.240757,2.911568,Sometimes,1.895876,Obesity_Type_II
yes,2.996186,1.134042,Sometimes,1.270166,Obesity_Type_II
yes,2.649406,1.120102,Sometimes,1.153286,Obesity_Type_II
yes,2.525884,2.040582,Sometimes,1,Obesity_Type_II
yes,2.736647,2.015675,Sometimes,1,Obesity_Type_II
yes,2.684335,2.711238,Sometimes,2.732331,Obesity_Type_II
yes,3,2.695396,Sometimes,2.628816,Obesity_Type_II
yes,2.425503,2.996834,Sometimes,2.017602,Obesity_Type_II
yes,1.469384,2.996444,Sometimes,2.067741,Obesity_Type_II
yes,2.906269,2.894142,Sometimes,2.435489,Obesity_Type_II
yes,2.808027,2.683061,Sometimes,2.640483,Obesity_Type_II
yes,2.636719,2.806341,Sometimes,1.967591,Obesity_Type_II
yes,2.996717,2.791366,Sometimes,2.626309,Obesity_Type_II
yes,2.880483,1.703299,Sometimes,1.006378,Obesity_Type_II
yes,2.885693,1.685134,Sometimes,1.011849,Obesity_Type_II
yes,2.913452,2.269799,Sometimes,1,Obesity_Type_II
yes,2.919526,2.142328,Sometimes,1.175714,Obesity_Type_II
yes,2.724121,1.437959,Sometimes,1.590418,Obesity_Type_II
yes,2.801992,1.343117,Sometimes,1.128942,Obesity_Type_II
yes,2.748971,1.213431,Sometimes,1.448875,Obesity_Type_II
yes,2.680375,1.089048,Sometimes,1.366238,Obesity_Type_II
yes,3,3,Sometimes,1.023328,Obesity_Type_III
yes,3,3,Sometimes,1.197667,Obesity_Type_III
yes,3,3,Sometimes,2.838893,Obesity_Type_III
yes,3,3,Sometimes,2.181811,Obesity_Type_III
yes,3,3,Sometimes,2.774014,Obesity_Type_III
yes,3,3,Sometimes,1.031354,Obesity_Type_III
yes,3,3,Sometimes,1.66616,Obesity_Type_III
yes,3,3,Sometimes,1.471664,Obesity_Type_III
yes,3,3,Sometimes,1.347559,Obesity_Type_III
yes,3,3,Sometimes,1.338241,Obesity_Type_III
yes,3,3,Sometimes,2.679137,Obesity_Type_III
yes,3,3,Sometimes,2.578292,Obesity_Type_III
yes,3,3,Sometimes,1.302193,Obesity_Type_III
yes,3,3,Sometimes,2.408442,Obesity_Type_III
yes,3,3,Sometimes,1.705218,Obesity_Type_III
yes,3,3,Sometimes,2.374958,Obesity_Type_III
yes,3,3,Sometimes,2.869234,Obesity_Type_III
yes,3,3,Sometimes,2.987406,Obesity_Type_III
yes,3,3,Sometimes,2.737091,Obesity_Type_III
yes,3,3,Sometimes,2.623489,Obesity_Type_III
yes,3,3,Sometimes,2.612758,Obesity_Type_III
yes,3,3,Sometimes,2.687378,Obesity_Type_III
yes,3,3,Sometimes,1.852692,Obesity_Type_III
yes,3,3,Sometimes,2.86559,Obesity_Type_III
yes,3,3,Sometimes,1.003563,Obesity_Type_III
yes,3,3,Sometimes,1.077253,Obesity_Type_III
yes,3,3,Sometimes,2.714949,Obesity_Type_III
yes,3,3,Sometimes,2.154949,Obesity_Type_III
yes,3,3,Sometimes,2.893117,Obesity_Type_III
yes,3,3,Sometimes,2.70914,Obesity_Type_III
yes,3,3,Sometimes,1.570188,Obesity_Type_III
yes,3,3,Sometimes,1.412049,Obesity_Type_III
yes,3,3,Sometimes,1.15635,Obesity_Type_III
yes,3,3,Sometimes,1.154698,Obesity_Type_III
yes,3,3,Sometimes,2.691584,Obesity_Type_III
yes,3,3,Sometimes,2.709654,Obesity_Type_III
yes,3,3,Sometimes,1.485736,Obesity_Type_III
yes,3,3,Sometimes,2.874336,Obesity_Type_III
yes,3,3,Sometimes,2.641489,Obesity_Type_III
yes,3,3,Sometimes,2.417122,Obesity_Type_III
yes,3,3,Sometimes,2.900857,Obesity_Type_III
yes,3,3,Sometimes,2.95311,Obesity_Type_III
yes,3,3,Sometimes,2.617988,Obesity_Type_III
yes,3,3,Sometimes,2.55057,Obesity_Type_III
yes,3,3,Sometimes,2.653531,Obesity_Type_III
yes,3,3,Sometimes,1.698767,Obesity_Type_III
yes,3,3,Sometimes,2.84837,Obesity_Type_III
yes,3,3,Sometimes,2.835622,Obesity_Type_III
yes,3,3,Sometimes,1.050564,Obesity_Type_III
yes,3,3,Sometimes,1.068493,Obesity_Type_III
yes,3,3,Sometimes,2.613928,Obesity_Type_III
yes,3,3,Sometimes,1.239833,Obesity_Type_III
yes,3,3,Sometimes,2.861533,Obesity_Type_III
yes,3,3,Sometimes,2.832659,Obesity_Type_III
yes,3,3,Sometimes,2.418488,Obesity_Type_III
yes,3,3,Sometimes,2.304716,Obesity_Type_III
yes,3,3,Sometimes,2.763005,Obesity_Type_III
yes,3,3,Sometimes,2.652616,Obesity_Type_III
yes,3,3,Sometimes,2.553198,Obesity_Type_III
yes,3,3,Sometimes,2.180566,Obesity_Type_III
yes,3,3,Sometimes,2.20979,Obesity_Type_III
yes,3,3,Sometimes,1.444379,Obesity_Type_III
yes,3,3,Sometimes,1.604075,Obesity_Type_III
yes,3,3,Sometimes,1.528258,Obesity_Type_III
yes,3,3,Sometimes,1.228838,Obesity_Type_III
yes,3,3,Sometimes,1.615548,Obesity_Type_III
yes,3,3,Sometimes,1.94595,Obesity_Type_III
yes,3,3,Sometimes,1.709556,Obesity_Type_III
yes,3,3,Sometimes,2.507461,Obesity_Type_III
yes,3,3,Sometimes,2.644135,Obesity_Type_III
yes,3,3,Sometimes,2.605685,Obesity_Type_III
yes,3,3,Sometimes,2.217348,Obesity_Type_III
yes,3,3,Sometimes,1.657541,Obesity_Type_III
yes,3,3,Sometimes,1.817899,Obesity_Type_III
yes,3,3,Sometimes,2.509535,Obesity_Type_III
yes,3,3,Sometimes,2.578038,Obesity_Type_III
yes,3,3,Sometimes,2.501638,Obesity_Type_III
yes,3,3,Sometimes,2.250711,Obesity_Type_III
yes,3,3,Sometimes,2.36651,Obesity_Type_III
yes,3,3,Sometimes,2.309409,Obesity_Type_III
yes,3,3,Sometimes,2.436261,Obesity_Type_III
yes,3,3,Sometimes,2.833566,Obesity_Type_III
yes,3,3,Sometimes,2.724099,Obesity_Type_III
yes,3,3,Sometimes,2.989389,Obesity_Type_III
yes,3,3,Sometimes,2.55975,Obesity_Type_III
yes,3,3,Sometimes,2.635454,Obesity_Type_III
yes,3,3,Sometimes,2.625537,Obesity_Type_III
yes,3,3,Sometimes,2.884077,Obesity_Type_III
yes,3,3,Sometimes,1.919473,Obesity_Type_III
yes,3,3,Sometimes,2.310076,Obesity_Type_III
yes,3,3,Sometimes,2.686824,Obesity_Type_III
yes,3,3,Sometimes,1.6213,Obesity_Type_III
yes,3,3,Sometimes,1.517215,Obesity_Type_III
yes,3,3,Sometimes,1.796956,Obesity_Type_III
yes,3,3,Sometimes,2.085553,Obesity_Type_III
yes,3,3,Sometimes,2.837797,Obesity_Type_III
yes,3,3,Sometimes,1.000544,Obesity_Type_III
yes,3,3,Sometimes,1.005864,Obesity_Type_III
yes,3,3,Sometimes,2.319559,Obesity_Type_III
yes,3,3,Sometimes,2.069257,Obesity_Type_III
yes,3,3,Sometimes,2.956548,Obesity_Type_III
yes,3,3,Sometimes,2.777557,Obesity_Type_III
yes,3,3,Sometimes,1.295436,Obesity_Type_III
yes,3,3,Sometimes,1.241378,Obesity_Type_III
yes,3,3,Sometimes,1.313834,Obesity_Type_III
yes,3,3,Sometimes,1.124366,Obesity_Type_III
yes,3,3,Sometimes,2.673754,Obesity_Type_III
yes,3,3,Sometimes,2.70485,Obesity_Type_III
yes,3,3,Sometimes,1.607531,Obesity_Type_III
yes,3,3,Sometimes,2.748909,Obesity_Type_III
yes,3,3,Sometimes,2.351207,Obesity_Type_III
yes,3,3,Sometimes,2.404049,Obesity_Type_III
yes,3,3,Sometimes,2.923792,Obesity_Type_III
yes,3,3,Sometimes,2.955075,Obesity_Type_III
yes,3,3,Sometimes,2.554007,Obesity_Type_III
yes,3,3,Sometimes,2.511399,Obesity_Type_III
yes,3,3,Sometimes,2.653563,Obesity_Type_III
yes,3,3,Sometimes,2.588107,Obesity_Type_III
yes,3,3,Sometimes,2.32502,Obesity_Type_III
yes,3,3,Sometimes,2.836791,Obesity_Type_III
yes,3,3,Sometimes,1.019684,Obesity_Type_III
yes,3,3,Sometimes,1.032834,Obesity_Type_III
yes,3,3,Sometimes,1.653049,Obesity_Type_III
yes,3,3,Sometimes,1.204055,Obesity_Type_III
yes,3,3,Sometimes,2.691591,Obesity_Type_III
yes,3,3,Sometimes,2.531456,Obesity_Type_III
yes,3,3,Sometimes,2.226081,Obesity_Type_III
yes,3,3,Sometimes,2.164718,Obesity_Type_III
yes,3,3,Sometimes,2.770732,Obesity_Type_III
yes,3,3,Sometimes,2.814517,Obesity_Type_III
yes,3,3,Sometimes,1.626467,Obesity_Type_III
yes,3,3,Sometimes,1.48075,Obesity_Type_III
yes,3,3,Sometimes,1.526416,Obesity_Type_III
yes,3,3,Sometimes,1.482002,Obesity_Type_III
yes,3,3,Sometimes,1.610472,Obesity_Type_III
yes,3,3,Sometimes,1.530992,Obesity_Type_III
yes,3,3,Sometimes,1.484938,Obesity_Type_III
yes,3,3,Sometimes,1.91039,Obesity_Type_III
yes,3,3,Sometimes,1.411365,Obesity_Type_III
yes,3,3,Sometimes,2.41752,Obesity_Type_III
yes,3,3,Sometimes,2.688229,Obesity_Type_III
yes,3,3,Sometimes,2.695094,Obesity_Type_III
yes,3,3,Sometimes,2.618198,Obesity_Type_III
yes,3,3,Sometimes,2.555189,Obesity_Type_III
yes,3,3,Sometimes,1.419136,Obesity_Type_III
yes,3,3,Sometimes,1.422483,Obesity_Type_III
yes,3,3,Sometimes,2.426094,Obesity_Type_III
yes,3,3,Sometimes,2.495961,Obesity_Type_III
yes,3,3,Sometimes,1.797041,Obesity_Type_III
yes,3,3,Sometimes,1.768111,Obesity_Type_III
yes,3,3,Sometimes,2.365188,Obesity_Type_III
yes,3,3,Sometimes,2.299156,Obesity_Type_III
yes,3,3,Sometimes,2.684819,Obesity_Type_III
yes,3,3,Sometimes,2.84174,Obesity_Type_III
yes,3,3,Sometimes,2.796894,Obesity_Type_III
yes,3,3,Sometimes,2.987718,Obesity_Type_III
yes,3,3,Sometimes,2.675567,Obesity_Type_III
yes,3,3,Sometimes,2.770125,Obesity_Type_III
yes,3,3,Sometimes,2.621877,Obesity_Type_III
yes,3,3,Sometimes,2.72005,Obesity_Type_III
yes,3,3,Sometimes,2.436097,Obesity_Type_III
yes,3,3,Sometimes,2.535629,Obesity_Type_III
yes,3,3,Sometimes,2.678779,Obesity_Type_III
yes,3,3,Sometimes,2.569713,Obesity_Type_III
yes,3,3,Sometimes,1.759352,Obesity_Type_III
yes,3,3,Sometimes,1.837184,Obesity_Type_III
yes,3,3,Sometimes,2.856795,Obesity_Type_III
yes,3,3,Sometimes,2.846259,Obesity_Type_III
yes,3,3,Sometimes,1.067716,Obesity_Type_III
yes,3,3,Sometimes,1.029241,Obesity_Type_III
yes,3,3,Sometimes,1.074412,Obesity_Type_III
yes,3,3,Sometimes,1.030501,Obesity_Type_III
yes,3,3,Sometimes,2.699675,Obesity_Type_III
yes,3,3,Sometimes,2.830247,Obesity_Type_III
yes,3,3,Sometimes,2.305521,Obesity_Type_III
yes,3,3,Sometimes,2.155926,Obesity_Type_III
yes,3,3,Sometimes,2.784303,Obesity_Type_III
yes,3,3,Sometimes,2.786417,Obesity_Type_III
yes,3,3,Sometimes,2.707201,Obesity_Type_III
yes,3,3,Sometimes,2.709428,Obesity_Type_III
yes,3,3,Sometimes,1.525127,Obesity_Type_III
yes,3,3,Sometimes,1.554925,Obesity_Type_III
yes,3,3,Sometimes,1.170515,Obesity_Type_III
yes,3,3,Sometimes,1.436616,Obesity_Type_III
yes,3,3,Sometimes,1.242832,Obesity_Type_III
yes,3,3,Sometimes,1.54249,Obesity_Type_III
yes,3,3,Sometimes,1.205548,Obesity_Type_III
yes,3,3,Sometimes,1.301657,Obesity_Type_III
yes,3,3,Sometimes,2.704315,Obesity_Type_III
yes,3,3,Sometimes,2.639816,Obesity_Type_III
yes,3,3,Sometimes,2.708927,Obesity_Type_III
yes,3,3,Sometimes,2.704827,Obesity_Type_III
yes,3,3,Sometimes,1.3954,Obesity_Type_III
yes,3,3,Sometimes,2.611654,Obesity_Type_III
yes,3,3,Sometimes,2.868167,Obesity_Type_III
yes,3,3,Sometimes,2.247979,Obesity_Type_III
yes,3,3,Sometimes,2.702789,Obesity_Type_III
yes,3,3,Sometimes,1.663213,Obesity_Type_III
yes,3,3,Sometimes,2.414739,Obesity_Type_III
yes,3,3,Sometimes,2.351193,Obesity_Type_III
yes,3,3,Sometimes,2.896088,Obesity_Type_III
yes,3,3,Sometimes,2.862408,Obesity_Type_III
yes,3,3,Sometimes,2.887659,Obesity_Type_III
yes,3,3,Sometimes,2.893062,Obesity_Type_III
yes,3,3,Sometimes,2.619517,Obesity_Type_III
yes,3,3,Sometimes,2.682804,Obesity_Type_III
yes,3,3,Sometimes,2.552388,Obesity_Type_III
yes,3,3,Sometimes,2.617401,Obesity_Type_III
yes,3,3,Sometimes,2.654636,Obesity_Type_III
yes,3,3,Sometimes,2.569364,Obesity_Type_III
yes,3,3,Sometimes,1.322004,Obesity_Type_III
yes,3,3,Sometimes,1.292479,Obesity_Type_III
yes,3,3,Sometimes,2.839069,Obesity_Type_III
yes,3,3,Sometimes,2.843782,Obesity_Type_III
yes,3,3,Sometimes,2.858389,Obesity_Type_III
yes,3,3,Sometimes,2.864933,Obesity_Type_III
yes,3,3,Sometimes,1.031701,Obesity_Type_III
yes,3,3,Sometimes,1.000536,Obesity_Type_III
yes,3,3,Sometimes,1.020313,Obesity_Type_III
yes,3,3,Sometimes,1.063422,Obesity_Type_III
yes,3,3,Sometimes,2.45126,Obesity_Type_III
yes,3,3,Sometimes,2.613504,Obesity_Type_III
yes,3,3,Sometimes,1.042989,Obesity_Type_III
yes,3,3,Sometimes,1.237557,Obesity_Type_III
yes,3,3,Sometimes,2.83377,Obesity_Type_III
yes,3,3,Sometimes,2.816052,Obesity_Type_III
yes,3,3,Sometimes,2.682909,Obesity_Type_III
yes,3,3,Sometimes,2.640539,Obesity_Type_III
yes,3,3,Sometimes,2.472903,Obesity_Type_III
yes,3,3,Sometimes,2.372058,Obesity_Type_III
yes,3,3,Sometimes,2.387991,Obesity_Type_III
yes,3,3,Sometimes,2.322003,Obesity_Type_III
yes,3,3,Sometimes,2.737353,Obesity_Type_III
yes,3,3,Sometimes,2.739351,Obesity_Type_III
yes,3,3,Sometimes,2.632498,Obesity_Type_III
yes,3,3,Sometimes,2.632253,Obesity_Type_III
yes,3,3,Sometimes,2.57721,Obesity_Type_III
yes,3,3,Sometimes,2.419153,Obesity_Type_III
yes,3,3,Sometimes,2.609052,Obesity_Type_III
yes,3,3,Sometimes,2.476002,Obesity_Type_III
yes,3,3,Sometimes,2.225139,Obesity_Type_III
yes,3,3,Sometimes,2.556068,Obesity_Type_III
yes,3,3,Sometimes,1.423073,Obesity_Type_III
yes,3,3,Sometimes,1.299194,Obesity_Type_III
yes,3,3,Sometimes,1.679489,Obesity_Type_III
yes,3,3,Sometimes,1.49583,Obesity_Type_III
yes,3,3,Sometimes,1.81786,Obesity_Type_III
yes,3,3,Sometimes,1.967707,Obesity_Type_III
yes,3,3,Sometimes,1.441289,Obesity_Type_III
yes,3,3,Sometimes,1.144539,Obesity_Type_III
yes,3,3,Sometimes,1.353167,Obesity_Type_III
yes,3,3,Sometimes,1.409444,Obesity_Type_III
yes,3,3,Sometimes,1.959287,Obesity_Type_III
yes,3,3,Sometimes,1.931163,Obesity_Type_III
yes,3,3,Sometimes,1.651462,Obesity_Type_III
yes,3,3,Sometimes,1.683448,Obesity_Type_III
yes,3,3,Sometimes,2.395387,Obesity_Type_III
yes,3,3,Sometimes,2.523793,Obesity_Type_III
yes,3,3,Sometimes,2.638896,Obesity_Type_III
yes,3,3,Sometimes,2.666178,Obesity_Type_III
yes,3,3,Sometimes,2.495851,Obesity_Type_III
yes,3,3,Sometimes,2.609188,Obesity_Type_III
yes,3,3,Sometimes,2.471721,Obesity_Type_III
yes,3,3,Sometimes,2.447306,Obesity_Type_III
yes,3,3,Sometimes,1.674061,Obesity_Type_III
yes,3,3,Sometimes,1.678791,Obesity_Type_III
yes,3,3,Sometimes,1.777805,Obesity_Type_III
yes,3,3,Sometimes,1.733306,Obesity_Type_III
yes,3,3,Sometimes,2.435978,Obesity_Type_III
yes,3,3,Sometimes,2.909675,Obesity_Type_III
yes,3,3,Sometimes,2.75137,Obesity_Type_III
yes,3,3,Sometimes,2.887909,Obesity_Type_III
yes,3,3,Sometimes,2.411582,Obesity_Type_III
yes,3,3,Sometimes,2.38639,Obesity_Type_III
yes,3,3,Sometimes,2.232601,Obesity_Type_III
yes,3,3,Sometimes,1.755907,Obesity_Type_III
yes,3,3,Sometimes,2.336349,Obesity_Type_III
yes,3,3,Sometimes,2.562002,Obesity_Type_III
yes,3,3,Sometimes,2.305574,Obesity_Type_III
yes,3,3,Sometimes,2.319912,Obesity_Type_III
yes,3,3,Sometimes,2.70196,Obesity_Type_III
yes,3,3,Sometimes,2.474518,Obesity_Type_III
yes,3,3,Sometimes,2.748569,Obesity_Type_III
yes,3,3,Sometimes,2.827773,Obesity_Type_III
yes,3,3,Sometimes,2.632224,Obesity_Type_III
yes,3,3,Sometimes,2.868679,Obesity_Type_III
yes,3,3,Sometimes,2.930137,Obesity_Type_III
yes,3,3,Sometimes,2.961899,Obesity_Type_III
yes,3,3,Sometimes,2.550672,Obesity_Type_III
yes,3,3,Sometimes,2.584305,Obesity_Type_III
yes,3,3,Sometimes,2.621976,Obesity_Type_III
yes,3,3,Sometimes,2.722276,Obesity_Type_III
yes,3,3,Sometimes,2.634342,Obesity_Type_III
yes,3,3,Sometimes,2.61939,Obesity_Type_III
yes,3,3,Sometimes,2.78678,Obesity_Type_III
yes,3,3,Sometimes,2.768141,Obesity_Type_III
yes,3,3,Sometimes,1.71659,Obesity_Type_III
yes,3,3,Sometimes,2.094901,Obesity_Type_III
yes,3,3,Sometimes,2.347322,Obesity_Type_III
yes,3,3,Sometimes,2.331123,Obesity_Type_III
yes,3,3,Sometimes,1.757105,Obesity_Type_III
yes,3,3,Sometimes,2.506631,Obesity_Type_III
yes,3,3,Sometimes,2.48707,Obesity_Type_III
yes,3,3,Sometimes,2.320068,Obesity_Type_III
yes,3,3,Sometimes,1.650612,Obesity_Type_III
yes,3,3,Sometimes,1.610768,Obesity_Type_III
yes,3,3,Sometimes,1.796267,Obesity_Type_III
yes,3,3,Sometimes,1.728139,Obesity_Type_III
yes,3,3,Sometimes,2.00513,Obesity_Type_III
yes,3,3,Sometimes,2.054193,Obesity_Type_III
yes,3,3,Sometimes,2.852339,Obesity_Type_III
yes,3,3,Sometimes,2.863513,Obesity_Type_III
